TAZID,AreaName,AreaType,TOTEMP,TOTHH
170.0,West Warren Center,Neighborhood Center,0.03306396668917168,0.015085195247296056
171.0,West Warren Center,Neighborhood Center,1.0,0.00855342246197326
174.0,West Weber,Neighborhood Center,0.8126599285094294,0.06383776519876483
175.0,West Weber,Neighborhood Center,0.679507563957211,0.061879737629752386
176.0,West 12th Street,Neighborhood Center,0.725612444941315,0.2265211499451252
177.0,West Warren Center,Neighborhood Center,0.013727332110366303,0.009376850446499628
178.0,West Warren Center,Neighborhood Center,0.8686352817430889,0.008080881396249776
181.0,West Weber,Neighborhood Center,1.0,0.09676896949748492
182.0,West Weber,Neighborhood Center,0.9972750364403881,0.18882923606207855
209.0,Plain City Gateway,Neighborhood Center,0.7782352126224418,0.10924295165974514
213.0,Plain City Market Center,Neighborhood Center,0.3095989270032745,0.04794551968930428
214.0,Plain City Gateway,Neighborhood Center,0.48222616165815624,0.0182012676440265
227.0,Farr West 2700 North,Neighborhood Center,0.7188906749638144,0.47612609182453247
228.0,Plain City Gateway,Neighborhood Center,1.0,0.0002761621668204599
231.0,Pleasant View 2700 North,City Center,7.939748359689507e-05,0.0
252.0,Pleasant View 2700 North,City Center,0.38627158804618866,0.9530368812781137
253.0,Pleasant View 2700 North,City Center,0.8801237304042253,0.2953815031886609
254.0,Pleasant View 2700 North,City Center,0.502345114403775,0.016448599319014854
255.0,Pleasant View 2700 North,City Center,0.6876581763393186,0.2486225501900387
257.0,Pleasant View 2700 North,City Center,0.770381146113413,0.41897533736515946
258.0,Pleasant View 2700 North,City Center,0.9950890471534761,0.9950890471534761
259.0,Pleasant View 2700 North,City Center,0.9975045682113469,0.9975045682113469
269.0,North Ogden Downtown,City Center,0.8222897309358836,0.12908973956085906
270.0,North Ogden Downtown,City Center,1.0,0.9814207796363101
271.0,North Ogden Downtown,City Center,0.6806000083132074,0.093904072442918
276.0,North Ogden Downtown,City Center,0.6929222570078406,0.4252673213301303
276.0,North Ogden Southtown,City Center,0.06689970818951367,0.04097441603290761
277.0,North Ogden Downtown,City Center,0.9029323322766108,0.6872452536016038
278.0,North Ogden Downtown,City Center,0.997121060521339,0.33475228515390254
282.0,Harrisville US 89,Neighborhood Center,0.0038918273071457017,0.0021855765455248157
282.0,North Ogden Southtown,City Center,0.9758502613413659,0.5543026356315436
283.0,North Ogden Southtown,City Center,0.9913658597353306,0.21508962015788147
286.0,North Ogden Southtown,City Center,0.38666142233177997,0.09724224703455409
288.0,Pleasant View 2700 North,City Center,0.8800649637704494,0.18161737433230554
289.0,Harrisville US 89,Neighborhood Center,0.09509209409594267,0.06723515776581462
289.0,Pleasant View 2700 North,City Center,1.6923299539606945e-05,1.2093190375654298e-05
291.0,Harrisville US 89,Neighborhood Center,0.9966416995829392,0.6302622769577484
292.0,Five Points,City Center,0.8119478716183088,0.15622886605980624
294.0,Five Points,City Center,0.9229245801537425,0.5800685700822816
313.0,North Ogden Southtown,City Center,0.0027927212507992886,0.00016721833065715233
316.0,Five Points,City Center,0.9719295998399204,0.1533638069289039
322.0,Five Points,City Center,0.710853103115161,0.20019361828853424
323.0,Five Points,City Center,0.9928797992445069,0.8441777153013115
324.0,Five Points,City Center,0.9671744110308124,0.2008231909741969
328.0,Five Points,City Center,0.5602388750638994,0.19752103058179316
329.0,Five Points,City Center,0.48632428666351574,0.041413657635360826
333.0,Ogden 12th Street,City Center,0.07728256621633355,0.07639014888598479
334.0,Ogden 12th Street,City Center,0.6677903628132602,0.46770027219655413
335.0,Ogden 12th Street,City Center,0.7778407372049984,0.18303597273570535
336.0,Ogden 12th Street,City Center,0.90982192582629,0.07969808023895905
337.0,Ogden 12th Street,City Center,0.9549926562667748,0.006420854917114506
340.0,Ogden 12th Street,City Center,0.14598090046761558,0.9998200512757479
341.0,Ogden 12th Street,City Center,0.2773581977254533,0.9116175182385995
342.0,Ogden 12th Street,City Center,0.9696136597177534,0.1204406481451627
343.0,Ogden 12th Street,City Center,0.3953617970415713,0.21420516319259222
344.0,Ogden 12th Street,City Center,0.38937268598246433,0.1315600375481545
345.0,Ogden 12th Street,City Center,0.9919825669426833,0.07234108484773134
346.0,Ogden 12th Street,City Center,0.9154574001837747,0.1348764850251782
347.0,Ogden 12th Street,City Center,0.0868403307795545,0.03712508281518374
351.0,Ogden Downtown,Metropolitan Center,0.0005877346116166949,1.0
351.0,West Haven City Center,City Center,0.009648871489490405,0.0
353.0,Ogden Downtown,Metropolitan Center,0.9951348503430569,0.9975023090392099
354.0,Ogden Downtown,Metropolitan Center,1.0,1.0
355.0,Ogden Downtown,Metropolitan Center,0.13666149884491866,0.1426614328474472
356.0,Ogden Downtown,Metropolitan Center,1.0,1.0
358.0,Ogden Downtown,Metropolitan Center,1.0,1.0
359.0,Ogden Downtown,Metropolitan Center,0.6460872289953496,0.5230720044849081
360.0,Ogden Downtown,Metropolitan Center,0.9847454154406462,0.9477119733584628
365.0,West Haven City Center,City Center,8.317557252774062e-05,1.0
366.0,West Ogden Center,Neighborhood Center,0.21339452426952923,0.9971350061627358
367.0,Ogden Downtown,Metropolitan Center,0.0011053013440826662,0.0
368.0,Ogden Downtown,Metropolitan Center,0.9722414473494462,0.9722414473494462
369.0,Ogden Downtown,Metropolitan Center,1.0,1.0
370.0,Ogden Downtown,Metropolitan Center,1.0,1.0
371.0,Ogden Downtown,Metropolitan Center,1.0,1.0
372.0,Ogden Downtown,Metropolitan Center,1.0,1.0
373.0,Ogden Downtown,Metropolitan Center,1.0,1.0
374.0,Ogden Downtown,Metropolitan Center,1.0,1.0
375.0,Ogden Downtown,Metropolitan Center,0.9988718479562838,0.8356366776044002
376.0,Ogden Downtown,Metropolitan Center,1.0,0.6071041609799156
377.0,Ogden Downtown,Metropolitan Center,0.03392644483279365,0.0015682429012962614
387.0,West Ogden Center,Neighborhood Center,0.9920280045973577,0.997029046420823
389.0,Ogden Downtown,Metropolitan Center,0.8812794315455925,0.9836819551858681
390.0,Ogden Downtown,Metropolitan Center,1.0,1.0
391.0,Ogden Downtown,Metropolitan Center,1.0,1.0
392.0,Ogden Downtown,Metropolitan Center,1.0,1.0
393.0,Ogden Downtown,Metropolitan Center,1.0,1.0
394.0,Ogden Downtown,Metropolitan Center,1.0,1.0
395.0,Ogden Downtown,Metropolitan Center,0.9750570688863762,0.791203255895492
396.0,Ogden Downtown,Metropolitan Center,1.0,1.0
397.0,Ogden Downtown,Metropolitan Center,0.8858963316037816,0.021597764799260875
398.0,Ogden Downtown,Metropolitan Center,0.9733179907491019,0.29203328727019207
409.0,Ogden Downtown,Metropolitan Center,0.18452317145506716,0.9995773077583544
410.0,Ogden Downtown,Metropolitan Center,1.0,1.0
411.0,Ogden Downtown,Metropolitan Center,1.0,1.0
412.0,Ogden Downtown,Metropolitan Center,0.9374127016348679,0.6887254612765049
413.0,Ogden Downtown,Metropolitan Center,1.0,1.0
414.0,Ogden Downtown,Metropolitan Center,0.8757927934222483,0.4360769110070928
417.0,Ogden Harrison Boulevard North,Neighborhood Center,0.9831853694860275,0.3672571474800958
418.0,Ogden Harrison Boulevard North,Neighborhood Center,0.8417574766549252,0.022330479925384734
422.0,Roy Station,City Center,0.34095384390562034,0.34095384390562034
423.0,Newgate Center,City Center,0.13888536460595516,1.0
424.0,Newgate Center,City Center,0.743438391359334,0.999492329600075
425.0,Newgate Center,City Center,0.9995313347882964,0.9995371400021251
426.0,Newgate Center,City Center,0.9994036664849297,0.9994108835038623
427.0,Newgate Center,City Center,0.9974930378121906,0.9974252658198585
428.0,Newgate Center,City Center,0.9999886800694505,0.9999889367177276
429.0,Newgate Center,City Center,0.9701751991712647,0.42503204067747824
432.0,Ogden Harrison Boulevard North,Neighborhood Center,0.9996473344544917,0.22958566111031883
433.0,Ogden Harrison Boulevard North,Neighborhood Center,0.7633601223299742,0.03814829262950867
434.0,Newgate Center,City Center,0.8723876408938859,0.885003460063664
434.0,South Ogden City Center,City Center,0.11172045225357237,0.11340246047211061
435.0,Newgate Center,City Center,0.8955955236642421,0.3589123334974816
436.0,Ogden Harrison Boulevard North,Neighborhood Center,0.8084162978200352,0.14697846173930046
437.0,Ogden Harrison Boulevard South,City Center,0.9893109686812614,0.09017158626619977
439.0,Ogden Harrison Boulevard North,Neighborhood Center,0.19258233877078576,0.07760047116358965
439.0,Ogden Harrison Boulevard South,City Center,0.8038484303226447,0.3154881894649453
440.0,Ogden Harrison Boulevard South,City Center,0.9994179948005126,0.5869434898841251
440.0,South Ogden City Center,City Center,0.00047934817496088475,0.0002930730175088044
441.0,Ogden Harrison Boulevard South,City Center,0.9957850799643502,0.13271690242421302
442.0,Ogden Harrison Boulevard South,City Center,0.9599369557022077,0.13134524231845626
443.0,Ogden Harrison Boulevard South,City Center,0.9261501863539155,0.191296679534594
446.0,South Ogden Gateway,City Center,0.9833234110851305,0.07561794966854436
447.0,West Haven City Center,City Center,0.1820350818614213,0.14003813071474808
448.0,West Haven City Center,City Center,0.9292436211300689,0.9836343119118031
450.0,West Haven City Center,City Center,0.6315839283832997,0.4053199935351729
451.0,West Haven City Center,City Center,0.6904356149833045,0.932886366987731
454.0,West Haven City Center,City Center,0.24170964052492294,0.9975389754687847
455.0,West Haven City Center,City Center,0.9942564927458437,0.9942564927458437
462.0,West Haven Midland Drive,City Center,0.5985460088986946,0.09645753617796655
467.0,West Haven Midland Drive,City Center,1.0,0.36160992001000747
468.0,West Haven Midland Drive,City Center,1.0,0.4840668387828439
472.0,West Haven Midland Drive,City Center,0.8774296299600602,0.09931643822787027
473.0,West Haven Midland Drive,City Center,1.0,1.0
474.0,West Haven Midland Drive,City Center,1.0,1.0
497.0,Roy Station,City Center,0.7365958408644462,0.6242310536936141
497.0,West Haven Midland Drive,City Center,0.06090620293934194,0.05165015601893914
498.0,Roy Station,City Center,0.8525392347203209,0.4629466589563503
499.0,West Haven Midland Drive,City Center,0.7260344784639458,0.07316004547828388
500.0,Roy Station,City Center,0.5047641376115171,0.1416024986363483
500.0,West Haven Midland Drive,City Center,0.46742561721956094,0.13112784842069755
501.0,Roy Station,City Center,0.9815664293324642,0.10604666960095115
502.0,Roy Station,City Center,0.9809927800217461,0.30487753989187344
503.0,West Haven Midland Drive,City Center,0.99989676280091,0.11640971168896037
504.0,Roy Downtown,City Center,0.9970781082381928,0.18880396146532605
505.0,Roy Downtown,City Center,0.8904995896413149,0.9964621536559086
507.0,West Haven Midland Drive,City Center,0.8545351341745296,0.21904464172221505
508.0,West Haven Midland Drive,City Center,0.9715472738451606,0.005956441676557034
511.0,Roy Downtown,City Center,0.9648531028992591,0.09965678077787932
512.0,Roy Downtown,City Center,1.0,1.0
514.0,West Roy Center,Neighborhood Center,1.0,0.17035169116396826
518.0,Roy Downtown,City Center,1.0,0.4503297147577476
519.0,Roy Downtown,City Center,0.9921584117140837,0.9921584117140837
521.0,Clinton Town Center,Neighborhood Center,0.0,1.2774864630514858e-05
521.0,West Roy Center,Neighborhood Center,0.7102184307558489,0.04510129376140757
522.0,Clinton Town Center,Neighborhood Center,0.40104201571673925,0.0902037596377942
522.0,West Roy Center,Neighborhood Center,0.5424332361907703,0.11096478118112224
526.0,Roy Downtown,City Center,0.9953367488391405,0.44805656411085887
531.0,Riverdale City Center,City Center,0.9368819588004007,0.13904542597404723
532.0,Newgate Center,City Center,0.9998090585253013,0.9998090585253013
532.0,South Ogden City Center,City Center,0.0001810722531845047,0.0001810722531845047
533.0,Newgate Center,City Center,0.85777132049269,0.847151985658594
533.0,South Ogden City Center,City Center,0.12188223374767784,0.13098242545991018
535.0,Riverdale City Center,City Center,0.9685375794990629,0.4797167037801829
536.0,Riverdale City Center,City Center,0.999999999999983,0.999999999999983
538.0,Riverdale City Center,City Center,0.9999085532098478,0.9999207634326228
542.0,Newgate Center,City Center,0.0033448123605041113,0.0011224481723853847
548.0,Washington Terrace US 89,City Center,0.9974994866818988,0.5433772700479628
549.0,Washington Terrace US 89,City Center,0.9996925027803909,1.0
550.0,Washington Terrace US 89,City Center,0.6695836618220348,0.9909594209954916
551.0,Washington Terrace US 89,City Center,0.5105579968267927,0.11424193145773427
552.0,Washington Terrace US 89,City Center,0.738789520732639,0.17954969250768535
553.0,South Ogden City Center,City Center,0.9994935892871679,0.9994935892871679
554.0,South Ogden City Center,City Center,0.9985637120342248,0.8388665648408725
555.0,South Ogden City Center,City Center,1.0,1.0
556.0,South Ogden City Center,City Center,1.0,0.08515662486313351
557.0,South Ogden City Center,City Center,0.9722457052876644,0.12928844293543024
558.0,Newgate Center,City Center,0.9868243360328187,0.07151980720675138
559.0,South Ogden City Center,City Center,0.5681767311430576,0.9963087220666036
560.0,South Ogden City Center,City Center,0.8300287327162637,0.10003535990609448
561.0,Ogden Harrison Boulevard South,City Center,1.913580886706891e-06,3.9112267659209995e-07
561.0,South Ogden City Center,City Center,0.9815619369470197,0.20185714682492342
566.0,South Ogden US 89,Neighborhood Center,0.9999999999999228,0.11805956203813021
568.0,South Ogden Gateway,City Center,0.5127994972760024,0.047395711508465534
568.0,South Ogden US 89,Neighborhood Center,0.4807305768162549,0.04430357013008879
569.0,South Ogden Gateway,City Center,0.8036993286523677,0.35058199746062535
569.0,South Ogden US 89,Neighborhood Center,0.1850928423980399,0.0015990858656319148
570.0,South Ogden Gateway,City Center,0.9951072403680847,0.5451907198655216
571.0,South Ogden Gateway,City Center,0.8973123529731011,0.027492064687546294
572.0,South Ogden Gateway,City Center,0.4648474967242823,0.27823412805292463
585.0,West Point West Davis,Neighborhood Center,0.7437681257707845,0.14500069380627487
587.0,West Point West Davis,Neighborhood Center,0.15680811229132732,0.036758306105172445
588.0,West Point West Davis,Neighborhood Center,0.08496311812934486,0.011982112611877812
595.0,West Point City Center,City Center,0.7038847080674331,0.10330924343366478
596.0,West Point City Center,City Center,0.87696002281424,0.18819553862286797
598.0,Syracuse SR 193 Center,City Center,0.0021867289604835406,0.0007250328456648561
599.0,Syracuse SR 193 Center,City Center,0.00354019455885711,0.0011312423783547652
599.0,West Point City Center,City Center,0.22166082747986457,0.07083153608504053
600.0,West Point City Center,City Center,0.6944788211055997,0.5585189288576716
601.0,West Point City Center,City Center,0.4109820417120344,0.0805813673505103
604.0,Clinton Town Center,Neighborhood Center,0.5997386433643421,0.13084147240295327
605.0,Clinton Town Center,Neighborhood Center,0.9573970737835162,0.5796539568108069
608.0,West Point West Davis,Neighborhood Center,0.8935496802577235,0.02083140899838033
609.0,Clinton Town Center,Neighborhood Center,0.46106864602226577,0.17287940855817674
610.0,Clinton Town Center,Neighborhood Center,0.9526423371843886,0.8374986250720443
614.0,Clinton Town Center,Neighborhood Center,0.4241675886597053,0.04767841139129167
615.0,Clinton Town Center,Neighborhood Center,0.4727022398725011,0.5075590291966203
618.0,Clinton Town Center,Neighborhood Center,0.4646320116455601,0.16622524589081947
619.0,Clinton Town Center,Neighborhood Center,0.9973258717780319,0.4753160490442776
622.0,Sunset SR 126,City Center,0.9722281038219008,0.23838359576975626
624.0,Sunset SR 126,City Center,0.9649323164423331,0.17605703905327055
625.0,Sunset SR 126,City Center,0.986449263155951,0.18405259615145636
627.0,Downtown Clearfield,Urban Center,0.0020468783334303825,0.0
627.0,Sunset SR 126,City Center,0.6284279517202569,0.15884904902565847
645.0,Downtown Clearfield,Urban Center,0.9929086275916111,0.3068176100098682
646.0,Downtown Clearfield,Urban Center,0.9294727622226431,0.18740892657947245
653.0,Downtown Clearfield,Urban Center,1.0,1.0
654.0,Downtown Clearfield,Urban Center,0.9789159880562408,0.30516251533816563
657.0,Downtown Clearfield,Urban Center,0.0,1.0
658.0,Downtown Clearfield,Urban Center,1.0,1.0
659.0,Downtown Clearfield,Urban Center,0.9938255345097243,0.7568883709235679
660.0,Antelope & Main Town Center,City Center,0.007912187559909575,0.0017548619906185311
660.0,Downtown Clearfield,Urban Center,0.8477277323415305,0.33766702922438574
661.0,Layton Midtown,Urban Center,0.6512841146517059,0.527780686603968
663.0,Downtown Clearfield,Urban Center,0.0,0.010968793595120369
663.0,East Antelope Center,Neighborhood Center,0.13151313865262365,0.9704903958067072
664.0,Antelope & Main Town Center,City Center,0.23334524008326502,0.23630112674483672
664.0,Downtown Clearfield,Urban Center,0.7666547599167349,0.7636988732551633
665.0,East Antelope Center,Neighborhood Center,0.9876896171666166,0.13671238422516555
666.0,East Antelope Center,Neighborhood Center,0.959419219373312,0.16789993527811536
667.0,Syracuse SR 193 Center,City Center,0.7792223259340574,0.35990250507970406
668.0,Syracuse SR 193 Center,City Center,0.9980693174197467,0.9981265158873023
669.0,Syracuse SR 193 Center,City Center,0.4587655646101133,0.6461336899876687
670.0,Syracuse City Center,City Center,0.11226629898035342,0.036660917787712625
674.0,Syracuse City Center,City Center,0.9379697850767156,0.2185195655346698
675.0,Syracuse City Center,City Center,0.7283703121214287,0.19246793428793088
677.0,Syracuse City Center,City Center,0.0039847216238985085,0.0010767752889085415
678.0,Syracuse City Center,City Center,0.35476219677927145,0.0008688934008986994
679.0,Syracuse City Center,City Center,0.5919828866090623,0.13712338588851591
680.0,Syracuse City Center,City Center,0.6549804666127061,0.2235312342340241
681.0,East Antelope Center,Neighborhood Center,0.43433274536490896,0.14761460152871317
690.0,Church & Hwy 193 Town Center,City Center,0.028472950423892952,0.9967356268172822
691.0,Church & Hwy 193 Town Center,City Center,0.04108134143027796,0.1413651617795475
693.0,Layton Midtown,Urban Center,0.02449800911249058,0.016256399897416087
696.0,Church & Hwy 193 Town Center,City Center,0.46473869369783294,0.9869040620729301
700.0,Layton Midtown,Urban Center,0.9968775234770302,0.4467258095673349
701.0,Layton Midtown,Urban Center,0.7984833491766672,0.9275340431419211
702.0,Antelope & Main Town Center,City Center,0.13415597185060682,0.02891724525655631
702.0,Downtown Clearfield,Urban Center,0.16054907506393573,0.03411640746671525
702.0,Layton Midtown,Urban Center,0.4328551174638741,0.09143109850645767
703.0,Antelope & Main Town Center,City Center,0.27495384264366335,0.2829241976595543
703.0,Layton Midtown,Urban Center,0.7053973897584995,0.47200143374717374
704.0,Layton Midtown,Urban Center,0.9956076541261228,0.9956076541261228
705.0,Layton Midtown,Urban Center,0.5965625809526758,0.09508119118816874
710.0,Layton Midtown,Urban Center,0.9995732281329924,0.8556574585247924
711.0,Layton Midtown,Urban Center,1.0,1.0
712.0,Gordon & Fairfield Town Center,City Center,0.9563600484467129,0.3156372869605068
713.0,Gordon & Fairfield Town Center,City Center,0.8953451445619239,0.09694630942012565
720.0,Layton Downtown,Urban Center,0.3011022884322531,0.3084220030166758
720.0,Layton Midtown,Urban Center,0.6957231732863964,0.6915395630661084
721.0,Layton Midtown,Urban Center,0.48225561129607775,0.06920504841093146
722.0,Layton Downtown,Urban Center,0.2690883854296283,0.11813756522739255
723.0,Gentile & Fairfield Town Center,City Center,0.1593217941415602,0.04721238406293733
723.0,Gordon & Fairfield Town Center,City Center,0.0987107541302869,0.02923467972887983
723.0,Layton Downtown,Urban Center,0.33985247852643613,0.09867325878265533
724.0,Gentile & Fairfield Town Center,City Center,0.2752779513952845,0.04206485618327518
724.0,Gordon & Fairfield Town Center,City Center,0.16780672969693086,0.025476136385232613
729.0,Layton Midtown,Urban Center,0.005395621426268191,0.012237475452516132
730.0,Gentile & Fairfield Town Center,City Center,0.9870904357156449,0.05083765694857947
737.0,Layton Downtown,Urban Center,0.9838585338750709,0.5065100364657764
738.0,Layton Downtown,Urban Center,0.48692943268492034,0.4995000329838471
739.0,Downtown Kaysville,City Center,0.34876375659571884,0.06355483930885207
739.0,Gentile & Fairfield Town Center,City Center,0.21809957496358084,0.040188678001080065
739.0,Layton Downtown,Urban Center,0.09171751488464489,0.01747063319604989
742.0,Kaysville Business Park,Neighborhood Center,2.9979875186378645e-05,0.0007242630535121316
747.0,Downtown Kaysville,City Center,0.9374427877064941,0.28034352650145294
750.0,Kaysville Business Park,Neighborhood Center,0.9730797943612401,0.09507633216842219
751.0,Kaysville Business Park,Neighborhood Center,0.8787720657447136,0.9149448644742386
752.0,Downtown Kaysville,City Center,0.8422027554921302,0.9996108783663944
755.0,Kaysville Business Park,Neighborhood Center,0.9970781070503624,0.02617874011284148
756.0,Kaysville Business Park,Neighborhood Center,0.024301907728579836,0.016009365399233273
757.0,Downtown Kaysville,City Center,0.9279542895194823,0.09665550243540443
758.0,Downtown Kaysville,City Center,0.8240573130153198,0.0454597416216046
765.0,North Station,Urban Center,4.0252827572946407e-07,1.3337122461164793e-05
775.0,North Station,Urban Center,0.6197226905126916,0.623072225965966
775.0,Station Park,Urban Center,0.3790117768493579,0.375891633598365
777.0,East Park Lane,City Center,0.6692336073672752,0.5912402609948909
778.0,Station Park,Urban Center,1.0,0.000121537135851038
780.0,Station Park,Urban Center,0.9737204609743416,0.998577125068071
781.0,East Park Lane,City Center,0.00029991894820948737,0.0
782.0,Courthouse Downtown,Neighborhood Center,0.0,0.00012689140505550125
786.0,Station Park,Urban Center,0.6848448932986407,0.05021008273759651
787.0,Courthouse Downtown,Neighborhood Center,0.529383705353215,0.23040830335340795
788.0,Courthouse Downtown,Neighborhood Center,0.9917123034175603,0.10152689682678971
801.0,Legacy Crossing,City Center,0.1045117635160556,1.0
802.0,Centerville Downtown,City Center,0.9982612037222519,0.3461946930313661
803.0,Centerville Downtown,City Center,0.9969686018922612,0.1793831159685672
806.0,Legacy Crossing,City Center,0.6674275780061244,0.9601288847687747
807.0,Centerville Downtown,City Center,0.9993420922060385,0.9993420922060385
808.0,Centerville Downtown,City Center,0.9983369856579153,0.9982870848185711
809.0,Centerville Downtown,City Center,0.9655033901060001,0.13374163683069804
811.0,Pages Lane Center,Neighborhood Center,0.0,0.011760589470528377
812.0,Pages Lane Center,Neighborhood Center,0.9954234963260369,0.32725055565774835
820.0,Legacy Gateway,City Center,0.3225416598576994,0.004012630916955612
821.0,Legacy Gateway,City Center,0.5163057304225942,0.13696163922246132
825.0,Gateway Crossing,Neighborhood Center,0.9659786008287874,0.3423996259512743
826.0,Pages Lane Center,Neighborhood Center,0.6002056882473767,0.12005203650028033
827.0,Pages Lane Center,Neighborhood Center,0.5985054973280721,0.03954256209929703
830.0,Bountiful 200 West,Neighborhood Center,0.3042933712907257,0.12076966325419161
830.0,Bountiful 500 South,City Center,0.19059832902761903,0.08096588351490037
831.0,Bountiful 200 West,Neighborhood Center,0.23106198153614077,0.1292586300081887
831.0,Bountiful 500 South,City Center,0.05159408584271158,0.029097065034017752
831.0,Bountiful Downtown,City Center,0.70498287669752,0.3935996513963348
832.0,Bountiful Downtown,City Center,0.7770734647569355,0.18388222309077262
836.0,Bountiful 500 South,City Center,0.38720057126113694,0.24776295002311466
837.0,Bountiful 500 South,City Center,0.8940362431243263,0.4886561902930993
837.0,Renaissance Towne Center,Neighborhood Center,0.10442866646248206,0.060081259446420884
838.0,Bountiful 500 South,City Center,0.9020004607429115,0.1302898078783141
840.0,Renaissance Towne Center,Neighborhood Center,0.9891034208202875,0.008400486568116714
844.0,2600 South Center,City Center,0.9973955354157997,0.30246591536925915
845.0,Renaissance Towne Center,Neighborhood Center,0.9996655358658023,0.9996576405448885
846.0,Orchard Drive 2200 South,Neighborhood Center,0.9878149909687236,0.1348616992805377
847.0,Orchard Drive 2200 South,Neighborhood Center,0.8893803742651162,0.05444602999626736
854.0,2600 South Center,City Center,0.4181625706636926,0.07585102458439094
855.0,2600 South Center,City Center,0.9963798739570805,0.3644725764798946
860.0,Legacy Gateway,City Center,0.9999501730040244,0.887869702663042
861.0,Legacy Gateway,City Center,0.9996589630786354,0.9999874607360418
862.0,Legacy Gateway,City Center,0.5870558734644372,0.5116617570903643
864.0,Woods Cross Station,Neighborhood Center,0.9152602831201777,0.1603139191727658
866.0,Foxboro,Neighborhood Center,0.0031462663054555454,0.001455322040985214
872.0,2600 South Center,City Center,0.7190494384664755,0.5586231035644188
874.0,Foxboro,Neighborhood Center,0.6321518893916849,0.6321518893916849
876.0,Foxboro,Neighborhood Center,0.14298323028126692,0.11627567139956745
880.0,2600 South Center,City Center,0.6489902927666875,0.18406174773906417
883.0,North Salt Lake Town Center,City Center,0.9901284794710877,0.24743880970132776
884.0,North Salt Lake Town Center,City Center,0.9580454130571662,0.3256595063762786
889.0,Redwood Center,Neighborhood Center,0.7785817558849134,0.0
891.0,North Salt Lake Town Center,City Center,0.9795587286196061,0.9794881677012786
892.0,North Salt Lake Town Center,City Center,0.9952830866608322,0.010270309411266837
894.0,North Salt Lake Town Center,City Center,0.7374179959682173,0.5469171475108245
931.0,Bacchus Highway Center,City Center,0.0014379949159315304,0.001442103140559834
931.0,Olympia Hills,City Center,0.0004736037770855579,0.0004749568224158199
932.0,Olympia Hills,City Center,0.08225975061496793,0.08033460461371263
933.0,Olympia Hills,City Center,0.009587304815866029,0.002787058508747969
960.0,Rose Park Center,Neighborhood Center,0.9949920310057786,0.12465266623521007
966.0,Rose Park Center,Neighborhood Center,0.9923441328997736,0.17590489637841222
971.0,Marmalade,City Center,0.5467819342480376,0.10234980278493845
972.0,Marmalade,City Center,0.598676929730429,0.8767487039899516
980.0,Rose Park Center,Neighborhood Center,0.904387028540223,0.07447594180784599
984.0,North Temple Center,Urban Center,0.9967252128752165,0.42866902595184725
985.0,North Temple Center,Urban Center,0.9951022898097234,0.9563609381431214
986.0,North Temple Center,Urban Center,1.0,0.29555347861097697
988.0,North Temple Center,Urban Center,0.9871656041085975,0.5004560627368564
990.0,Marmalade,City Center,0.5796195572831121,0.3601626832636779
991.0,Marmalade,City Center,0.36977212904911033,0.15940844857588526
992.0,Marmalade,City Center,0.9992892948316523,0.9992892948316523
993.0,Marmalade,City Center,1.0,1.0
994.0,Marmalade,City Center,0.9945549288088927,0.9945964246101331
996.0,Marmalade,City Center,0.7284069473346994,0.14480601917668876
1016.0,North Temple Center,Urban Center,0.9989153595282948,0.9989149960301451
1017.0,North Temple Center,Urban Center,0.9203260198633804,0.9976990183671257
1020.0,North Temple Center,Urban Center,0.8167115987387273,0.9989694956797975
1022.0,North Temple Center,Urban Center,0.9957000291112448,0.9957000291112448
1023.0,Salt Lake City CBD,Metropolitan Center,0.9796875595952016,0.9796875595952016
1024.0,Salt Lake City CBD,Metropolitan Center,1.0,1.0
1025.0,Salt Lake City CBD,Metropolitan Center,0.9911674968024938,0.9911674968024938
1026.0,Salt Lake City CBD,Metropolitan Center,1.0,1.0
1027.0,Salt Lake City CBD,Metropolitan Center,1.0,1.0
1028.0,Salt Lake City CBD,Metropolitan Center,1.0,1.0
1029.0,Salt Lake City CBD,Metropolitan Center,1.0,1.0
1030.0,Salt Lake City CBD,Metropolitan Center,1.0,1.0
1031.0,Salt Lake City CBD,Metropolitan Center,1.0,1.0
1033.0,Salt Lake City CBD,Metropolitan Center,1.0,1.0
1034.0,Salt Lake City CBD,Metropolitan Center,0.9999999999999094,0.9999999999999094
1035.0,Salt Lake City CBD,Metropolitan Center,1.0,1.0
1036.0,Salt Lake City CBD,Metropolitan Center,1.0,1.0
1037.0,Salt Lake City CBD,Metropolitan Center,1.0,1.0
1038.0,Salt Lake City CBD,Metropolitan Center,0.7743225130484562,0.2839122726719961
1039.0,Salt Lake City CBD,Metropolitan Center,0.9935848682437095,0.05568851945430945
1040.0,Salt Lake City CBD,Metropolitan Center,0.9930925030620369,0.9930925030620369
1041.0,Salt Lake City East Downtown,Urban Center,1.0,1.0
1042.0,Salt Lake City East Downtown,Urban Center,1.0,1.0
1044.0,Salt Lake City East Downtown,Urban Center,0.9995076446368478,0.9995076446368478
1050.0,University Gardens,Neighborhood Center,0.9105557989385153,0.34197433016113526
1064.0,Salt Lake 900 West,City Center,0.2845345351148788,0.03325973113673061
1065.0,Salt Lake City CBD,Metropolitan Center,1.0,1.0
1066.0,Salt Lake City CBD,Metropolitan Center,1.0,1.0
1067.0,Salt Lake City CBD,Metropolitan Center,1.0,1.0
1069.0,Salt Lake City CBD,Metropolitan Center,1.0,1.0
1070.0,Salt Lake City CBD,Metropolitan Center,1.0,1.0
1071.0,Salt Lake City CBD,Metropolitan Center,1.0,1.0
1072.0,Salt Lake City CBD,Metropolitan Center,1.0,1.0
1073.0,Salt Lake City CBD,Metropolitan Center,1.0,1.0
1074.0,Salt Lake City CBD,Metropolitan Center,1.0,1.0
1075.0,Salt Lake City CBD,Metropolitan Center,1.0,1.0
1076.0,Salt Lake City CBD,Metropolitan Center,1.0,1.0
1077.0,Salt Lake City CBD,Metropolitan Center,1.0,1.0
1078.0,Salt Lake City CBD,Metropolitan Center,1.0,1.0
1079.0,Salt Lake City CBD,Metropolitan Center,1.0,1.0
1080.0,Salt Lake City CBD,Metropolitan Center,1.0,1.0
1081.0,Salt Lake City CBD,Metropolitan Center,1.0,1.0
1082.0,Salt Lake City CBD,Metropolitan Center,1.0,1.0
1083.0,Salt Lake City CBD,Metropolitan Center,1.0,1.0
1084.0,Salt Lake City CBD,Metropolitan Center,1.0,1.0
1085.0,Salt Lake City CBD,Metropolitan Center,0.9949498941772782,0.9949498941772782
1086.0,Salt Lake City CBD,Metropolitan Center,0.9944690245975444,0.9944690245975444
1087.0,Salt Lake City CBD,Metropolitan Center,0.9962324538492444,0.9962324538492444
1088.0,Salt Lake City East Downtown,Urban Center,1.0,1.0
1089.0,Salt Lake City East Downtown,Urban Center,1.0,1.0
1090.0,Salt Lake City East Downtown,Urban Center,0.9964630766417818,0.9964630766417818
1091.0,Salt Lake City East Downtown,Urban Center,1.0,1.0
1092.0,Salt Lake City East Downtown,Urban Center,1.0,1.0
1093.0,Salt Lake City East Downtown,Urban Center,1.0,1.0
1094.0,Salt Lake City East Downtown,Urban Center,0.9970782164800035,0.9970782164800035
1095.0,Salt Lake City East Downtown,Urban Center,0.9978536525289667,0.9978536525289667
1096.0,Salt Lake City East Downtown,Urban Center,0.9972448610540109,0.9972449548893527
1097.0,900 East Station,Neighborhood Center,0.5835707366722872,0.14933887848576746
1101.0,University Gardens,Neighborhood Center,0.9964252063304516,0.23033367248251724
1110.0,Salt Lake 900 West,City Center,1.0,0.08259338807191452
1111.0,Salt Lake 900 West,City Center,0.9993795134173106,0.13102844604426137
1112.0,Salt Lake 900 West,City Center,0.9392362655341606,0.29170432329322954
1113.0,Salt Lake 900 West,City Center,0.9749477955447401,0.40944536309949686
1114.0,Salt Lake City CBD,Metropolitan Center,0.9982286016709565,0.9984811083115469
1115.0,Granary District,Urban Center,0.997244150743115,0.997244150743115
1116.0,Granary District,Urban Center,1.0,1.0
1117.0,Granary District,Urban Center,1.0,1.0
1118.0,Salt Lake City CBD,Metropolitan Center,0.9931032819141051,0.9931032819141051
1119.0,Salt Lake City CBD,Metropolitan Center,1.0,1.0
1120.0,Granary District,Urban Center,1.0,1.0
1121.0,Granary District,Urban Center,1.0,1.0
1122.0,Salt Lake City CBD,Metropolitan Center,0.9916903202700397,0.9916903202700397
1123.0,Salt Lake City CBD,Metropolitan Center,1.0,1.0
1124.0,Granary District,Urban Center,1.0,1.0
1125.0,Granary District,Urban Center,1.0,1.0
1126.0,Salt Lake City CBD,Metropolitan Center,0.9954891381128296,0.9954891381128296
1127.0,Salt Lake City CBD,Metropolitan Center,1.0,1.0
1128.0,Granary District,Urban Center,0.9981053828942875,0.9981053828942875
1129.0,Granary District,Urban Center,0.9966203216141162,0.9966203216141162
1130.0,Salt Lake City CBD,Metropolitan Center,0.9986130209058265,0.9986130209058265
1131.0,Salt Lake City CBD,Metropolitan Center,1.0,1.0
1132.0,Salt Lake City CBD,Metropolitan Center,1.0,1.0
1133.0,Salt Lake City CBD,Metropolitan Center,1.0,1.0
1134.0,Salt Lake City CBD,Metropolitan Center,1.0,1.0
1135.0,Salt Lake City CBD,Metropolitan Center,1.0,1.0
1136.0,Salt Lake City CBD,Metropolitan Center,0.9994646965064897,0.9994646965064897
1137.0,Salt Lake City CBD,Metropolitan Center,1.0,1.0
1138.0,Salt Lake City CBD,Metropolitan Center,1.0,1.0
1139.0,Salt Lake City CBD,Metropolitan Center,1.0,1.0
1140.0,Salt Lake City CBD,Metropolitan Center,0.4560505543925244,0.49054243651579793
1141.0,Salt Lake City CBD,Metropolitan Center,1.0,1.0
1142.0,Salt Lake City CBD,Metropolitan Center,1.0,1.0
1146.0,Salt Lake City CBD,Metropolitan Center,0.9914933850951865,0.9914933850951865
1150.0,Salt Lake City East Downtown,Urban Center,1.0,1.0
1151.0,Salt Lake City East Downtown,Urban Center,1.0,1.0
1154.0,Salt Lake City East Downtown,Urban Center,0.9994766116230142,0.9994557969050168
1155.0,Salt Lake City East Downtown,Urban Center,1.0,1.0
1157.0,Salt Lake City East Downtown,Urban Center,0.9956793781082733,0.9956793781082733
1158.0,Salt Lake City East Downtown,Urban Center,0.9963209301093635,0.9963209301093635
1159.0,9th and 9th Center,Neighborhood Center,0.7448580677313138,0.14200906480802225
1161.0,900 East Station,Neighborhood Center,0.36447831131983877,0.23982616038927382
1162.0,9th and 9th Center,Neighborhood Center,0.9990090213994057,0.07901262485441485
1165.0,9th and 9th Center,Neighborhood Center,0.8534377636392971,0.005660616925819219
1178.0,Glendale Center,Neighborhood Center,0.16398697861424502,0.05553661215440589
1180.0,Glendale Center,Neighborhood Center,1.0,0.00013588964425031698
1182.0,Salt Lake 900 West,City Center,0.7657516998598842,0.6648088478171742
1184.0,Salt Lake 900 West,City Center,0.17982801576073343,0.3285543293957141
1186.0,Granary District,Urban Center,0.9949377166576647,0.9949377166576647
1188.0,Ballpark,City Center,0.9933672233510495,1.0
1189.0,Ballpark,City Center,1.0,1.0
1190.0,Granary District,Urban Center,0.9972170087661897,0.9972170087661897
1191.0,Ballpark,City Center,1.0,0.9740398562996446
1192.0,Ballpark,City Center,0.9998655588342676,0.9998626439611961
1193.0,Ballpark,City Center,1.0,1.0
1194.0,Ballpark,City Center,0.7948454964726478,0.20462960990770557
1197.0,9th and 9th Center,Neighborhood Center,0.5371133128031496,0.01208813886538903
1198.0,9th and 9th Center,Neighborhood Center,0.7647533079210765,0.04682992060101375
1226.0,Ballpark,City Center,0.9977368811141436,0.9977368811141436
1227.0,Ballpark,City Center,1.0,1.0
1228.0,Ballpark,City Center,0.9997168379709612,0.9997168379709612
1229.0,Ballpark,City Center,0.9995819292614917,0.9995820320205788
1230.0,Ballpark,City Center,0.9957741971434033,0.9957741971434033
1231.0,Ballpark,City Center,0.9515775851905678,0.16217459426755057
1238.0,Salt Lake 15th and 15th,Neighborhood Center,0.9774423015533648,0.00918761931189749
1240.0,Salt Lake 15th and 15th,Neighborhood Center,0.5952262923276048,0.010147860610163276
1243.0,Salt Lake Foothill Center,Neighborhood Center,0.821973489169468,0.12320958612969508
1244.0,Salt Lake Foothill Center,Neighborhood Center,0.42874603220648705,0.070379317021848
1261.0,Sugarhouse,Urban Center,0.6285614141840001,0.10657099364382856
1267.0,21st and 21st,Neighborhood Center,0.9945954838465483,0.02073110361078112
1268.0,21st and 21st,Neighborhood Center,0.9959082459088064,0.14353364133669058
1269.0,21st and 21st,Neighborhood Center,0.9982434968918102,0.026697678107558773
1272.0,Sugarhouse,Urban Center,0.7702340846549487,0.36133223884552085
1273.0,Sugarhouse,Urban Center,1.0,1.0
1274.0,Sugarhouse,Urban Center,0.9688376555466276,0.6310484983082543
1275.0,Sugarhouse,Urban Center,1.0,1.0
1276.0,Sugarhouse,Urban Center,0.9112972533336589,0.5235545451576986
1278.0,21st and 21st,Neighborhood Center,0.9850032202199679,0.0
1279.0,21st and 21st,Neighborhood Center,0.9808692686725139,0.0201332733482212
1280.0,21st and 21st,Neighborhood Center,0.5276510514793642,0.05355076983260521
1287.0,Sugarhouse,Urban Center,1.0,1.0
1288.0,Sugarhouse,Urban Center,0.9909784510928351,0.9907898106582177
1292.0,21st and 21st,Neighborhood Center,0.6503247606835363,0.014248162661301121
1293.0,Parleys Foothill Center,Neighborhood Center,0.9054264709184312,0.9958017358418405
1297.0,Millcreek City Center,City Center,0.005475208723807266,0.0007420074409482848
1301.0,Millcreek City Center,City Center,0.05127690429523921,0.08396786057572472
1303.0,Historic Magna Main Street,Neighborhood Center,0.5439039010098,0.11994403951086234
1306.0,Historic Magna Main Street,Neighborhood Center,0.20573943947961268,0.033088909618201705
1310.0,Pleasant Green,City Center,0.9035638233026151,0.06358853854319743
1311.0,Pleasant Green,City Center,0.9989674341220803,0.1268149517338961
1314.0,Pleasant Green,City Center,0.823051648820793,0.08400662102720144
1315.0,Pleasant Green,City Center,0.9844450095194882,0.7382810544799095
1318.0,Pleasant Green,City Center,1.0,5.049202871045615e-05
1334.0,Highberry Center,Neighborhood Center,0.8505556946119471,1.0
1335.0,Highberry Center,Neighborhood Center,0.33549481713065904,0.7428454237193015
1341.0,Highberry Center,Neighborhood Center,0.9999528033680902,0.9999509090126141
1342.0,Highberry Center,Neighborhood Center,0.9983868936226254,0.5322357004782973
1350.0,Decker Lake Center,Neighborhood Center,0.6654480347661517,0.9997174971388597
1351.0,Decker Lake Center,Neighborhood Center,0.08034059126096198,0.17567248867926255
1356.0,Hunter Town Center,Neighborhood Center,0.4110334154301922,0.9982715153970739
1357.0,Hunter Town Center,Neighborhood Center,0.5635751147663668,0.1685871997249605
1367.0,Fairbourne Station,Urban Center,0.977670243649067,0.1251080650791957
1368.0,Fairbourne Station,Urban Center,0.992058549644021,0.037087053143397955
1370.0,West Valley Redwood Center,City Center,0.2166464574687486,0.12228069625396948
1371.0,West Valley Redwood Center,City Center,0.42487767444800445,0.2598017903899597
1375.0,Hunter Town Center,Neighborhood Center,0.2083657629142474,0.10716597105235236
1376.0,Hunter Town Center,Neighborhood Center,0.5564626164922645,0.07200746516554218
1383.0,Fairbourne Station,Urban Center,0.999388898368516,0.999388898368516
1384.0,Fairbourne Station,Urban Center,0.9952631133510654,0.9959332750530453
1386.0,West Valley Redwood Center,City Center,0.8203426034383884,0.6896765498224984
1387.0,West Valley Redwood Center,City Center,0.5774301642861122,0.4592939114009527
1391.0,Village Green Center,Neighborhood Center,1.0,0.042043015495109526
1392.0,Village Green Center,Neighborhood Center,0.9914396086591145,0.04802447938516637
1399.0,West Valley Redwood Center,City Center,0.9399484647681452,0.5193846304560443
1400.0,West Valley Redwood Center,City Center,0.9976556644168149,0.4226082477485668
1410.0,Village Green Center,Neighborhood Center,0.9930107361501415,0.1509749813605052
1411.0,Village Green Center,Neighborhood Center,0.9888526903253733,0.1870661494614674
1426.0,Oquirrh View Center,Neighborhood Center,0.041688066036703775,0.07589929789478353
1437.0,West Valley 6200 South 5600 West,Neighborhood Center,0.986554046422263,0.689309329592971
1442.0,Downtown South Salt Lake,City Center,1.0,1.0
1443.0,Downtown South Salt Lake,City Center,1.0,1.0
1444.0,Downtown South Salt Lake,City Center,1.0,1.0
1445.0,Downtown South Salt Lake,City Center,1.0,1.0
1446.0,S-Line Center,Neighborhood Center,0.055429690094740025,0.016952468415229033
1447.0,S-Line Center,Neighborhood Center,0.7396888286532142,0.4058856386275818
1449.0,Downtown South Salt Lake,City Center,0.9988348853640004,0.9988348853640004
1450.0,2700 South Station,Neighborhood Center,0.7961030444647597,0.8927584075069027
1451.0,Downtown South Salt Lake,City Center,0.9984618298296926,0.9984618298296926
1452.0,2700 South Station,Neighborhood Center,0.7445346455414201,0.7445346455414201
1453.0,Downtown South Salt Lake,City Center,0.9865493097153285,0.9864219997768247
1454.0,2700 South Station,Neighborhood Center,0.016569905657252835,0.01155255128119505
1455.0,Downtown South Salt Lake,City Center,0.995908730994923,0.9958937867329749
1458.0,S-Line Center,Neighborhood Center,0.7970408153772138,0.4535474456880462
1460.0,S-Line Center,Neighborhood Center,0.9895670623290223,0.28292908735719363
1463.0,2700 South Station,Neighborhood Center,0.7667332103797082,0.9987432401113291
1464.0,2700 South Station,Neighborhood Center,0.7671561789643079,0.9986737392674488
1466.0,South Salt Lake State Street,City Center,0.7595921630847324,0.5309731455841069
1467.0,South Salt Lake State Street,City Center,0.5988233490663105,0.24588337323508327
1471.0,Millcreek Station,Neighborhood Center,0.6372087346681213,1.0
1472.0,Millcreek Station,Neighborhood Center,0.5685841214196315,1.0
1473.0,Millcreek Station,Neighborhood Center,0.6681226727011301,1.0
1475.0,South Salt Lake State Street,City Center,1.0,1.0
1476.0,South Salt Lake State Street,City Center,0.6723322236365973,0.4550379851753133
1481.0,Millcreek Station,Neighborhood Center,0.5479979427778517,1.0
1482.0,Millcreek Station,Neighborhood Center,0.4728331356678685,0.9993310823020894
1484.0,South Salt Lake State Street,City Center,0.2474410142321589,0.9836285564513968
1485.0,South Salt Lake State Street,City Center,0.2643537142557545,0.1473947194823889
1491.0,Meadowbrook Station,City Center,0.37483825002397947,1.0
1492.0,Meadowbrook Station,City Center,0.4677054217054553,1.0
1493.0,Meadowbrook Station,City Center,0.33161001491193115,1.0
1494.0,Meadowbrook Station,City Center,0.5390639669135062,1.0
1495.0,Meadowbrook Station,City Center,0.5858760844325768,0.35765110620648327
1500.0,Millcreek 2300 East,Neighborhood Center,0.0,9.055826763904643e-06
1501.0,Millcreek 2300 East,Neighborhood Center,0.9706101128310483,0.017334552981422866
1503.0,Canyon Rim Center,Neighborhood Center,0.979698565476845,0.21489819733183407
1507.0,Millcreek City Center,City Center,0.9978045726503655,0.9982899907322751
1508.0,Millcreek City Center,City Center,0.4558576674048046,0.0493114211420219
1511.0,2300 East 3300 South,Neighborhood Center,0.2892452529490941,0.056973565682772905
1512.0,2300 East 3300 South,Neighborhood Center,0.2688601090180884,0.01997301444997793
1515.0,Millcreek City Center,City Center,0.912277105677218,0.15237406144476193
1516.0,Millcreek City Center,City Center,0.8846468227021831,0.3863802366993982
1517.0,Millcreek City Center,City Center,0.320221821574232,0.04811079140785912
1519.0,2300 East 3300 South,Neighborhood Center,0.22135407035861113,0.04643915280057372
1520.0,2300 East 3300 South,Neighborhood Center,0.09555891076881247,0.0034792593543980454
1531.0,Olympus Hills Center,Neighborhood Center,0.9467742957190098,0.05924465822617759
1534.0,Fireclay Center,City Center,0.0001713367453855074,0.00018327797684756348
1534.0,Meadowbrook Station,City Center,0.9466237981309432,0.9995344063074342
1535.0,Meadowbrook Station,City Center,1.0,1.0
1536.0,Meadowbrook Station,City Center,0.830124746806338,0.7827823111091408
1548.0,Ivy Place Center,Neighborhood Center,0.7105533048088143,0.37570825818108516
1549.0,Ivy Place Center,Neighborhood Center,0.6429058153559266,0.11345925254320043
1551.0,Cottonwood Village,Neighborhood Center,0.5297885508297364,0.1444263749049368
1562.0,Oquirrh View Center,Neighborhood Center,0.9863743952590005,0.08133903265500494
1563.0,Kearns Recreation Hub,Neighborhood Center,0.0,0.00021821267593888675
1565.0,Kearns Recreation Hub,Neighborhood Center,0.0,0.002048454859250252
1568.0,Kearns Town Center,City Center,0.9342478571745778,0.2799022287654452
1569.0,Kearns Town Center,City Center,0.9807197507119204,0.16280801262460312
1570.0,Kearns Recreation Hub,Neighborhood Center,0.0,0.0029830332754168533
1573.0,Taylor's Landing,City Center,0.43570575756950586,0.0
1575.0,4100 South Redwood,Neighborhood Center,0.3396328507931776,0.05380952976720919
1576.0,4100 South Redwood,Neighborhood Center,0.991248144058398,0.11787702793451402
1582.0,Fore Lakes Center,Urban Center,0.9962313921135587,0.7672962872414733
1589.0,4800 South Redwood,Neighborhood Center,0.29123765933265017,0.11452160899728242
1589.0,5400 South Redwood,City Center,0.19890314742674473,0.05750740570915614
1590.0,4800 South Redwood,Neighborhood Center,0.23791367129222757,0.014516804658921467
1590.0,Fore Lakes Center,Urban Center,0.7552794210252609,0.057663880806552374
1591.0,Fore Lakes Center,Urban Center,1.0,0.002558803743902849
1592.0,Fore Lakes Center,Urban Center,0.9982582520895121,0.9982862196792535
1593.0,Fore Lakes Center,Urban Center,1.0,0.03109957593159537
1594.0,Taylrosville West Point Center,City Center,0.8884150074445011,0.5449788685394416
1598.0,4800 South Redwood,Neighborhood Center,0.9827838601362638,0.06964026629379283
1599.0,Taylrosville West Point Center,City Center,0.995515528102296,0.3170728832886171
1600.0,Summit Vista Center,Neighborhood Center,0.8676412487768969,0.403005761997938
1603.0,5400 South Redwood,City Center,0.0003055446648574553,0.0003748243422545183
1604.0,5400 South Redwood,City Center,0.9994686615596869,0.7326272861340006
1605.0,5400 South Redwood,City Center,0.9976445046359798,0.6147757565449651
1617.0,Murray Downtown,Urban Center,0.9982440487672402,0.9982440487672402
1618.0,Murray Downtown,Urban Center,0.9999999999999933,0.9999999999999929
1619.0,Fireclay Center,City Center,0.994765156474626,0.9991774687295856
1619.0,Meadowbrook Station,City Center,0.0007701323407911239,0.0007754444140948283
1620.0,Murray Downtown,Urban Center,1.0,1.0
1621.0,Fireclay Center,City Center,0.8578706310381183,0.8578706310381183
1621.0,Meadowbrook Station,City Center,0.14212934508813957,0.14212934508813957
1622.0,Murray Downtown,Urban Center,0.7668404997133604,0.276054591799878
1623.0,Fireclay Center,City Center,0.6296380106603499,0.23620635887829278
1623.0,Meadowbrook Station,City Center,0.33556381321460327,0.12553614006319058
1626.0,Murray Downtown,Urban Center,0.9941385013234305,0.9940934343766573
1627.0,Murray Downtown,Urban Center,1.0,1.0
1628.0,Murray Downtown,Urban Center,1.0,1.0
1629.0,Murray Downtown,Urban Center,0.9758785453765878,0.28195506250266544
1632.0,Murray Downtown,Urban Center,0.9995458799282521,0.8250702066327887
1633.0,Murray Downtown,Urban Center,1.0,1.0
1634.0,Murray Downtown,Urban Center,1.0,1.0
1635.0,Murray Downtown,Urban Center,0.8745814459394482,0.5181107295813905
1636.0,Oakwood Village Center,Neighborhood Center,0.9989156903129776,0.14579388903354873
1645.0,Oakwood Village Center,Neighborhood Center,0.987543433793158,0.5815130430266408
1646.0,Oakwood Village Center,Neighborhood Center,0.9831473706743102,0.2538217397159537
1651.0,Oakwood Village Center,Neighborhood Center,0.987796322056475,0.337641747647288
1652.0,Oakwood Village Center,Neighborhood Center,0.8459848568151105,0.026986157681722318
1658.0,Fashion Place West,Urban Center,0.4664922158584963,0.6679669671176472
1659.0,Fashion Place West,Urban Center,0.7307207405892266,0.4821598318234869
1660.0,Fashion Place West,Urban Center,0.6585401251578242,0.9901090491172082
1663.0,Oakwood Village Center,Neighborhood Center,0.07928252093506498,0.027051454457480806
1664.0,Oakwood Village Center,Neighborhood Center,0.08257385874244308,0.021330669071068335
1666.0,Bingham Junction,City Center,0.19002245707498863,0.002738426664715083
1667.0,Bingham Junction,City Center,1.0,0.006688411507910375
1668.0,Fashion Place West,Urban Center,0.9823642704500212,0.9989751967534712
1669.0,Fashion Place West,Urban Center,0.9756427933365186,0.7345820875624016
1680.0,Holladay City Center,City Center,0.9566585622673861,0.0788917698233436
1681.0,Holladay City Center,City Center,0.9842355324721483,0.03511147614905771
1684.0,Holladay City Center,City Center,0.6258366878110339,0.1323734427203466
1685.0,Holladay City Center,City Center,0.9310507660950924,0.0619552050040678
1686.0,Holladay City Center,City Center,0.983235325388053,0.2666559434087085
1689.0,Holladay City Center,City Center,0.7503563127506393,0.08564617852109414
1690.0,Holladay City Center,City Center,0.9940852362956427,0.5095100228244396
1696.0,Holladay Crossroads,City Center,0.2702303625252721,0.014767907353157741
1697.0,Holladay Crossroads,City Center,0.8092880160790298,0.09034519516551079
1698.0,Holladay Crossroads,City Center,0.016542126193026214,0.0007380065232899473
1717.0,Highlands Loop Center,Neighborhood Center,0.8104098603369922,0.1102129552166329
1725.0,West Jordan City Center,City Center,0.5013199797045376,0.1085299068223356
1726.0,West Jordan City Center,City Center,0.6468565254501675,0.16080367528425688
1727.0,Gardner Village,Neighborhood Center,0.8998849737599695,0.26638718706896763
1730.0,Highlands Loop Center,Neighborhood Center,0.25774313424008033,0.16086181874160155
1733.0,Highlands Loop Center,Neighborhood Center,0.6954075658156676,0.7373355682529386
1734.0,Highlands Loop Center,Neighborhood Center,0.9973709799252578,0.2724893878158791
1739.0,Jordan Valley,City Center,0.776332055664073,0.14560194166946108
1740.0,Jordan Valley,City Center,0.7896693323665877,0.19103674812605762
1743.0,West Jordan City Center,City Center,1.0,1.0
1744.0,West Jordan City Center,City Center,0.9999059093464145,0.9999059093464145
1745.0,Jordan Bluffs,City Center,0.005007033116803467,0.004761004284751459
1745.0,West Jordan City Center,City Center,0.7826664983898246,0.7145298251578103
1753.0,West Jordan City Center,City Center,0.49945214772448293,0.0428496717005691
1754.0,West Jordan City Center,City Center,0.8169407539575715,0.2170128697755716
1760.0,Jordan Valley,City Center,0.9883844977971905,0.7225418398996413
1765.0,Jordan Bluffs,City Center,0.024308409028793554,0.010591258141831098
1786.0,Bingham Junction,City Center,0.9558366858992391,0.9842509615528089
1787.0,Fashion Place West,Urban Center,0.4121273751806042,0.11932962797918112
1789.0,Bingham Junction,City Center,1.0,1.0
1790.0,Bingham Junction,City Center,1.0,1.0
1794.0,Union Park,City Center,0.9551436691733,0.326835750232345
1795.0,Union Park,City Center,0.9999997197090934,0.9999997255083903
1796.0,Union Park,City Center,1.0,1.0
1797.0,Bingham Junction,City Center,1.0,1.0
1798.0,Bingham Junction,City Center,0.9947934212125422,0.9947934212125422
1799.0,Bingham Junction,City Center,1.0,1.0
1800.0,Midvale Main Street,City Center,0.9994318562668999,0.9994217103238162
1801.0,Midvale Center Station,Neighborhood Center,0.1646622549253944,0.04644689419493705
1801.0,Midvale Fort Union Station,Neighborhood Center,0.7805117697039755,0.2173452644567047
1802.0,Midvale Center Station,Neighborhood Center,0.19067882010683782,0.15397780269237335
1802.0,Midvale Fort Union Station,Neighborhood Center,0.00012975090075983655,0.00010442094406445952
1805.0,Union Park,City Center,0.9988978036388999,0.5504019858779049
1806.0,7th Street Sandy Point,Neighborhood Center,0.25365834266816206,0.09058277931547554
1806.0,Union Park,City Center,0.735464186416711,0.2628616553629856
1807.0,Sandy Union Park,Neighborhood Center,0.062297038360208994,0.012761048130725023
1807.0,Union Park,City Center,0.9257422424753449,0.1889346019324924
1808.0,Jordan Bluffs,City Center,0.9800203778818873,0.9800203778818873
1809.0,Jordan Bluffs,City Center,0.928310521761219,0.7461400348966717
1809.0,Midvale Main Street,City Center,0.02017186745736105,0.01826740012204888
1810.0,Midvale Main Street,City Center,0.05856241968212785,0.021980337366052236
1812.0,Midvale Center Station,Neighborhood Center,0.5203342585079501,0.14888216261070839
1813.0,Midvale Center Station,Neighborhood Center,0.7276985631848226,0.2694188339125189
1821.0,Historic Sandy Station,Neighborhood Center,0.03253867645151722,0.018136784355990723
1822.0,Union Park,City Center,0.9872892704521408,0.08933367433932483
1823.0,Cottonwood Heights Fort Union,City Center,0.3356444595684482,0.06178328390214534
1823.0,Union Park,City Center,0.2279620218259302,0.040288153920550705
1824.0,Cottonwood Heights Fort Union,City Center,0.6509631145567472,0.11632178891056015
1825.0,Cottonwood Heights Fort Union,City Center,0.6922332384610875,0.07035749888873745
1827.0,Old Mill,Urban Center,0.48672703265572115,0.19413294760930785
1828.0,Old Mill,Urban Center,0.9697768385309081,0.9676484292877559
1829.0,Union Park,City Center,1.0,1.0
1830.0,Union Park,City Center,1.0,1.0
1831.0,Union Park,City Center,0.7002370531955401,0.05830374630660916
1832.0,Union Park,City Center,0.9994951943672795,0.9994951943672795
1833.0,Cottonwood Heights Fort Union,City Center,0.7842382053440993,0.14914405651094262
1834.0,Cottonwood Heights Fort Union,City Center,0.9892559737186903,0.1289317145226947
1835.0,Cottonwood Heights Fort Union,City Center,0.8370916305535062,0.037578842038246074
1837.0,Sandy Union Park,Neighborhood Center,0.028761564424301004,0.0018255346883590223
1837.0,Union Park,City Center,0.8613585710806494,0.04249117109301611
1841.0,Fort Union Canyon Center,Neighborhood Center,0.7696148694889875,0.038070606584730306
1849.0,Sandy Union Park,Neighborhood Center,0.9981682074125396,0.9981001718686352
1850.0,7th Street Sandy Point,Neighborhood Center,1.0,0.09403626361041414
1851.0,7th Street Sandy Point,Neighborhood Center,0.9928103274383394,0.11607437530506766
1852.0,7th Street Sandy Point,Neighborhood Center,0.28277360659685824,0.018715752357035122
1853.0,Sandy Union Park,Neighborhood Center,0.8012564688044611,0.13255204998051237
1862.0,The Cairns,Urban Center,0.30210914963587315,1.0
1863.0,Historic Sandy Station,Neighborhood Center,0.1397358422109731,0.05884159327426645
1863.0,The Cairns,Urban Center,0.6938968906464275,0.42349612218474775
1864.0,Historic Sandy Station,Neighborhood Center,0.023233376535411663,0.021035542526912008
1866.0,Quarry Bend Center,Neighborhood Center,0.5201950509848003,0.1758389866234726
1872.0,The Cairns,Urban Center,1.0,1.0
1873.0,The Cairns,Urban Center,0.9974818299910928,0.9970800933188338
1874.0,Historic Sandy Station,Neighborhood Center,0.7197579647879789,0.438791691974411
1876.0,Historic Sandy Station,Neighborhood Center,0.9759189847915625,0.5737014514583938
1878.0,Sandy Village Center,Neighborhood Center,0.9996341038268269,0.14989283516055485
1879.0,Sandy Village Center,Neighborhood Center,0.9036988948825911,0.2643243356668029
1880.0,Quarry Bend Center,Neighborhood Center,0.9947719291219415,0.6638187762576643
1883.0,Alta Canyon Park Center,Neighborhood Center,0.8865689830766326,0.05826187448596886
1887.0,The Cairns,Urban Center,1.0,1.0
1888.0,The Cairns,Urban Center,1.0,1.0
1890.0,Sandy Village Center,Neighborhood Center,0.45104114353140906,0.03553111185075881
1891.0,Sandy Village Center,Neighborhood Center,0.7906467503011847,0.3508960442219752
1894.0,Alta Canyon Park Center,Neighborhood Center,0.9973547375934145,0.3551574107458845
1895.0,Alta Canyon Park Center,Neighborhood Center,0.9897808437419865,0.04739079031441964
1897.0,The Cairns,Urban Center,1.0,1.0
1898.0,The Cairns,Urban Center,1.0,1.0
1908.0,The Cairns,Urban Center,0.9999999999999916,0.9999999999999915
1909.0,The Cairns,Urban Center,0.9982303168144299,0.31420336644200364
1918.0,The Cairns,Urban Center,0.9999999999999729,0.9999999999999729
1919.0,The Cairns,Urban Center,1.0,1.0
1920.0,The Cairns,Urban Center,0.761196131746888,0.11210378190489452
1928.0,The Cairns,Urban Center,1.0,1.0
1929.0,Sandy Crescent View Station,Neighborhood Center,0.0,0.00012620241679054043
1929.0,The Cairns,Urban Center,0.9968228843962902,0.16183379931413122
1939.0,Draper City Center,City Center,0.7767449093960912,0.0006523227372980748
1950.0,South Jordan Towne Center,City Center,0.9776578407383596,0.07036475770251081
1951.0,South Jordan Towne Center,City Center,0.9687787901448449,0.05161952939053568
1959.0,South Jordan Towne Center,City Center,0.9971768006589756,0.025258735118996532
1960.0,South Jordan Towne Center,City Center,0.9673821605679138,0.5368706330657678
1965.0,Daybreak,Urban Center,1.0712082457785537e-05,0.00043155088194897896
1966.0,Daybreak,Urban Center,0.854209515101233,1.0
1967.0,Daybreak,Urban Center,0.8287436030126378,0.4006368307926203
1971.0,South Jordan Towne Center,City Center,1.0,0.9992700112954783
1972.0,South Jordan Gateway,Urban Center,0.8999118791096995,0.5265981788525662
1973.0,South Jordan Gateway,Urban Center,0.9938699205975389,0.9961275714094335
1974.0,Daybreak,Urban Center,0.2857569144343134,0.4919454095563023
1975.0,Daybreak,Urban Center,0.8424036865275489,0.34392338431673863
1977.0,North Shore,Neighborhood Center,0.06235457836666447,0.2075841044770665
1977.0,SoDa Row,Neighborhood Center,0.4104025290264598,0.14789915578769622
1981.0,The District,City Center,0.0,5.8166444586369853e-05
1984.0,South Jordan Towne Center,City Center,0.8807640463524876,0.11722922568353467
1985.0,South Jordan Towne Center,City Center,0.9896435120483602,0.9539380867646314
1986.0,South Jordan Towne Center,City Center,0.27474782915985313,0.01695136022400398
1988.0,South Jordan Gateway,Urban Center,0.9986338562407704,0.47379151674076914
1989.0,South Jordan Gateway,Urban Center,0.9985787874123392,0.9985787874123392
1990.0,Bacchus Highway Center,City Center,0.9781636681588706,0.9781636681588706
1992.0,Bacchus Highway Center,City Center,0.15044694440809017,0.019996629683710347
1994.0,Daybreak,Urban Center,1.0,1.0
1995.0,Daybreak,Urban Center,0.9999999999999759,0.9999999999999759
1996.0,Daybreak,Urban Center,0.4752612752355221,0.10898230739738954
1996.0,SoDa Row,Neighborhood Center,0.5121586249646946,0.10525943296611645
1999.0,The District,City Center,1.0,0.5952536699435416
2001.0,South Jordan Towne Center,City Center,1.0,0.5424892341958677
2004.0,Cascade Village,Neighborhood Center,1.0,0.44377635405322124
2006.0,Cascade Village,Neighborhood Center,0.00762116451932613,0.0005719050010921064
2007.0,Daybreak,Urban Center,1.0,0.00162098944707221
2008.0,Daybreak,Urban Center,0.9999999999999586,1.0
2009.0,Daybreak,Urban Center,0.9499517677197704,0.9499517677197704
2010.0,SoDa Row,Neighborhood Center,1.0,0.0807578991936327
2013.0,The District,City Center,0.9903921227877714,0.38186378131840654
2014.0,The District,City Center,1.0,1.0
2015.0,The District,City Center,0.9956343790167311,0.0553704580286886
2022.0,Olympia Hills,City Center,0.0,6.979714322325114e-07
2026.0,12600 South Mountain View Corridor,Neighborhood Center,1.0,0.4333045809886129
2027.0,12600 South Mountain View Corridor,Neighborhood Center,0.9628550941953101,0.9264325509792826
2029.0,12600 South Mountain View Corridor,Neighborhood Center,0.5685207275327427,0.0
2030.0,Olympia Hills,City Center,0.0,0.00018754861525087585
2031.0,Herriman Town Center,City Center,0.09659454876428455,0.018801756500441403
2032.0,Herriman Town Center,City Center,0.4263093542782225,0.06308272977557776
2033.0,Herriman Town Center,City Center,1.0,1.0
2036.0,Olympia Hills,City Center,0.0,3.5865841309416214e-07
2038.0,Herriman Town Center,City Center,0.999995279807418,0.24496023394796004
2039.0,Herriman Town Center,City Center,0.9999021650616473,0.9999021650616473
2040.0,Herriman Town Center,City Center,0.994847945975478,0.6452884412102633
2061.0,Herriman Porter Rockwell Center,City Center,0.9943852774039676,0.9941741949885786
2063.0,The District,City Center,1.5439338115613591e-06,7.947722274921169e-07
2069.0,Downtown Riverton,City Center,0.8732520749165145,0.09647315701064998
2070.0,Downtown Riverton,City Center,0.45264981914992997,0.02826068714051742
2071.0,Downtown Riverton,City Center,0.9979469322216151,0.055574775942220725
2072.0,Herriman Town Center,City Center,0.8184960499262717,0.026342392242156544
2073.0,Mountain View Village,City Center,2.1781009052288884e-05,0.0
2074.0,Mountain View Village,City Center,0.9977132442938682,0.9979849679032636
2079.0,Downtown Riverton,City Center,0.9989766220452039,0.3110959097265953
2080.0,Downtown Riverton,City Center,0.9888920870475796,0.23497165554918786
2081.0,Downtown Riverton,City Center,0.9977561204536531,0.11753872902795508
2082.0,Mountain View Village,City Center,0.9996451321267922,0.9996453131694151
2083.0,Mountain View Village,City Center,0.997279096393837,0.9972807011164022
2106.0,Draper Kimballs Lane Station,Neighborhood Center,0.6025230536143685,0.05071466450862416
2107.0,Draper Kimballs Lane Station,Neighborhood Center,0.15590794589337365,0.125744782132196
2109.0,Draper Kimballs Lane Station,Neighborhood Center,0.31825577544164774,0.20573757703324336
2110.0,Draper City Center,City Center,0.2997720102418648,0.03867264706695864
2112.0,Draper City Center,City Center,0.6534602651836899,0.521102163049397
2113.0,Draper City Center,City Center,0.992951820336333,0.9870028603488352
2114.0,Draper City Center,City Center,0.9536053025407818,0.8111591598595894
2117.0,Vista Station,City Center,0.9315582185690928,0.69014262262429
2122.0,Draper City Center,City Center,0.9989060505391728,0.427487691234178
2123.0,Draper City Center,City Center,0.5453708595050623,0.17052953366939266
2125.0,Draper City Center,City Center,0.9835170642170546,0.08892623308885877
2127.0,Vista Station,City Center,0.9427331088339196,0.40045484482375854
2133.0,Vista Station,City Center,1.0,0.05864987416027199
2134.0,Vista Station,City Center,0.9951432124807847,0.9951432124807847
2139.0,The Point,Urban Center,1.0,0.0
2150.0,Highline,City Center,0.0005251795314391462,0.0004507977686950975
2151.0,Highline,City Center,0.999894728880178,0.32219834506423106
2152.0,Highline,City Center,0.9787901527050954,0.06966459031331125
2153.0,Highline,City Center,0.9001564715797071,0.9309908072036872
2154.0,Highline,City Center,1.0,1.0
2155.0,Highline,City Center,1.0,0.0020759833157852005
2158.0,Highline,City Center,0.9976728293075579,0.9976271713832692
2166.0,Marketview Center,Neighborhood Center,0.527910852151032,0.01651520068084521
2167.0,Marketview Center,Neighborhood Center,0.6750087854080931,0.20416865496142958
2170.0,Independence,City Center,0.09611275582835486,1.0
2170.0,The Point,Urban Center,0.19297356153232198,0.0
2177.0,Independence,City Center,0.9945732407406127,0.9945710988332199
2178.0,Independence,City Center,0.9999959480090537,0.9999959316224706
2179.0,Independence,City Center,0.9963511556685365,0.9963511556685365
2182.0,Independence,City Center,0.9990158118620149,0.9476853826777939
2183.0,Independence,City Center,0.9999999999999964,0.9999999999999964
2184.0,Independence,City Center,0.30992881655348137,0.31583922426502914
2184.0,Porter Rockwell,Urban Center,0.6862931057397281,0.6804150569791823
2185.0,Porter Rockwell,Urban Center,0.7348834338163107,0.6520851021304943
2333.0,Eagle Mountain,City Center,0.007321570838130022,6.40067472551053e-05
2353.0,Eagle Mountain,City Center,0.4776767380653978,0.5350273314223539
2354.0,Eagle Mountain,City Center,1.0,0.2797319718607227
2356.0,Eagle Mountain,City Center,1.0,0.764279824031154
2358.0,Eagle Mountain,City Center,1.0,0.7417633951520833
2361.0,Eagle Mountain,City Center,0.9767682796441691,0.07637230172415965
2363.0,Eagle Mountain,City Center,1.0,0.5142369685895408
2365.0,Eagle Mountain,City Center,1.0,0.6039552060140453
2367.0,Eagle Mountain,City Center,0.04834461783796706,0.2047795651497778
2496.0,Crossroads,City Center,0.7862963584712432,1.0
2498.0,Crossroads,City Center,0.7899924485693864,0.07691604761299402
2503.0,Crossroads,City Center,0.5197366650952154,0.35911441511199815
2504.0,Crossroads,City Center,0.0010603731816952718,0.00013961893237426733
2505.0,Crossroads,City Center,0.9956788729372946,0.05323855873163375
2510.0,Crossroads,City Center,1.0,1.0
2511.0,Crossroads,City Center,0.45689267452117815,0.3710979432287108
2512.0,Crossroads,City Center,0.6090116143333731,0.7452419694549767
2513.0,Crossroads,City Center,0.3802766898637513,0.17244549822732005
2514.0,Crossroads,City Center,0.41637072808861003,0.07234581695526622
2535.0,Crossroads,City Center,0.0,0.0002773796091845635
2546.0,Lehi Main Street,Neighborhood Center,1.0,0.14063299024356177
2547.0,Lehi Main Street,Neighborhood Center,0.0,0.17980337282197195
2568.0,Lehi Main Street,Neighborhood Center,0.0,0.11154572186428469
2569.0,Lehi Main Street,Neighborhood Center,0.0,0.1800160351316532
2570.0,Lehi Main Street,Neighborhood Center,0.0,0.0001933731215444399
2575.0,Meadows,City Center,0.19069801240762257,0.0
2577.0,Meadows,City Center,0.8319022563448543,0.003910796631166855
2594.0,Thanksgiving Point,Urban Center,0.9508318523822823,0.024958155633911665
2597.0,Thanksgiving Point,Urban Center,0.2663939497817249,0.4500818797004311
2599.0,Thanksgiving Point,Urban Center,0.666578629152285,0.0
2600.0,Thanksgiving Point,Urban Center,0.029930790588633904,0.02616261944559119
2602.0,Thanksgiving Point,Urban Center,1.0,1.0
2603.0,Thanksgiving Point,Urban Center,0.9421435491346385,1.0
2604.0,Thanksgiving Point,Urban Center,0.5228277807402685,0.0
2605.0,Thanksgiving Point,Urban Center,0.9999999999999959,1.0
2606.0,Thanksgiving Point,Urban Center,0.999999999999997,0.0
2607.0,Thanksgiving Point,Urban Center,1.0,0.0
2608.0,Thanksgiving Point,Urban Center,1.0,0.0
2609.0,Thanksgiving Point,Urban Center,0.16972304102756502,0.0
2613.0,Thanksgiving Point,Urban Center,0.30402791725012274,0.0
2627.0,Thanksgiving Point,Urban Center,0.9999999999996171,0.9999999999999843
2628.0,Thanksgiving Point,Urban Center,1.0,1.0
2629.0,Thanksgiving Point,Urban Center,0.2610126984751886,0.5213108017644902
2631.0,Thanksgiving Point,Urban Center,0.6762845314390665,0.0
2632.0,Thanksgiving Point,Urban Center,0.3249335172853658,0.0
2633.0,Thanksgiving Point,Urban Center,0.5521148932181544,0.0
2634.0,Thanksgiving Point,Urban Center,0.0011952667306142494,0.0
2700.0,Meadows,City Center,0.8760159317056616,0.19438395486626076
2701.0,Meadows,City Center,0.8434224833720948,0.0
2702.0,Meadows,City Center,0.9801717001805655,0.0
2703.0,Meadows,City Center,0.6619453385832266,0.4258819590653343
2704.0,Meadows,City Center,0.9633896391264638,0.039077991018592065
2715.0,Timpanogos,City Center,0.0,0.0011140046680840076
2726.0,Meadows,City Center,0.018015308825218283,0.0027171244892375125
2727.0,Meadows,City Center,0.20133573361261795,0.21844297256798445
2728.0,Meadows,City Center,0.8517132768497089,0.8517132768497089
2729.0,Meadows,City Center,0.47449654560938076,0.3520222919312343
2733.0,Timpanogos,City Center,0.8612770692787612,0.0
2738.0,Pleasant Grove,Neighborhood Center,0.2261734179750539,0.0
2739.0,Pleasant Grove,Neighborhood Center,0.09282329066697514,0.0
2755.0,Timpanogos,City Center,0.018108858179405548,0.007506297327701655
2756.0,Timpanogos,City Center,0.9791987733270704,0.9649836706972486
2757.0,Timpanogos,City Center,0.9728439846988768,0.0
2758.0,Timpanogos,City Center,0.1337674960014114,0.0
2761.0,Pleasant Grove,Neighborhood Center,0.3668077130838053,0.5490319743564246
2762.0,Pleasant Grove,Neighborhood Center,0.804896040956109,1.0
2763.0,Pleasant Grove,Neighborhood Center,0.07348768072015048,0.0
2764.0,Timpanogos,City Center,0.0028495420023654607,0.0005249432584473581
2766.0,Pleasant Grove,Neighborhood Center,0.5662027781542235,0.40846305795464233
2767.0,Pleasant Grove,Neighborhood Center,0.9999999999999839,0.9999999999999798
2768.0,Pleasant Grove,Neighborhood Center,1.0,0.0
2769.0,Pleasant Grove,Neighborhood Center,0.08138044782246565,0.0
2770.0,Timpanogos,City Center,0.9969356525899636,0.0
2771.0,Timpanogos,City Center,0.010210929949324958,0.0
2774.0,Timpanogos,City Center,0.0002073818642449112,0.0
2791.0,Vineyard,City Center,0.39494358294416554,0.14398912278443013
2792.0,Vineyard,City Center,0.05229492701335391,0.0
2793.0,Vineyard,City Center,0.6244389401197253,0.0
2808.0,Vineyard,City Center,1.0,0.7117937862514839
2810.0,Vineyard,City Center,0.7638804356490796,1.0
2811.0,Vineyard,City Center,0.027780001178590405,0.0
2813.0,Orem-800 North,City Center,0.6783410217474034,0.1557989253056924
2817.0,Orem-1600 North,Neighborhood Center,0.5497046682061969,0.26920127971699986
2817.0,Orem-800 North,City Center,0.016941388883356244,0.0006365386252205513
2819.0,Orem-1600 North,Neighborhood Center,0.4094616769666443,0.25287337532511134
2820.0,Orem-800 North,City Center,0.815896957382809,0.31935688569014925
2824.0,Orem-1600 North,Neighborhood Center,0.4371041938531835,0.15709139584479737
2824.0,Orem-800 North,City Center,0.015302922137254716,0.0002928771718913668
2827.0,Orem-1600 North,Neighborhood Center,0.4243303598109429,0.28769988607966196
2828.0,Orem-1600 North,Neighborhood Center,0.0,0.026247092103115165
2834.0,Orem-Center Street,City Center,0.6372396894221695,0.36695676633282864
2835.0,Vineyard,City Center,0.06278020502633269,0.0
2837.0,Orem-800 North,City Center,0.7529496678693052,0.060122070926645635
2838.0,Orem-800 North,City Center,0.794617918991647,0.4149446891225421
2839.0,Orem-Center Street,City Center,0.36996674880835556,0.3562631049869983
2840.0,Orem-Center Street,City Center,0.9605643716551694,0.27650941711448307
2841.0,Orem-Center Street,City Center,0.0,0.003546091058141834
2843.0,Orem-800 North,City Center,0.35267127528142533,0.18750300259071798
2848.0,University Center,Urban Center,0.2958649645899477,0.5312188439738204
2850.0,University Center,Urban Center,0.9999999999999327,1.0
2851.0,University Center,Urban Center,1.0,1.0
2852.0,University Center,Urban Center,1.0,0.01715470576048327
2853.0,University Center,Urban Center,1.0,0.22767980828764434
2854.0,University Center,Urban Center,1.0,1.0
2858.0,Scera Park,Neighborhood Center,0.0,0.004154321018079652
2859.0,Scera Park,Neighborhood Center,0.8209125515869613,0.5470833400177679
2859.0,University Center,Urban Center,0.17908739941481217,0.08279030890467814
2863.0,Orem-Center Street,City Center,0.8239331422075515,0.2173485764982559
2863.0,Scera Park,Neighborhood Center,0.05772564478165372,0.004690198077095627
2864.0,Orem-Center Street,City Center,0.8871944843218359,0.8462886740087485
2864.0,Scera Park,Neighborhood Center,0.11274250190660091,0.153662065985907
2865.0,University Center,Urban Center,1.0,1.0
2866.0,University Center,Urban Center,0.8798981915106492,0.17242411956127227
2867.0,University Center,Urban Center,0.9552551437880299,0.9191417685389309
2868.0,Hillcrest,City Center,0.0,0.0016722144854709555
2868.0,University Center,Urban Center,0.9387266167727905,0.014964670202382442
2869.0,Scera Park,Neighborhood Center,0.2910628354017165,0.2910628354017165
2869.0,University Center,Urban Center,0.2891620183034916,0.2891620183034916
2870.0,University Center,Urban Center,0.0,1.685090118189885e-05
2872.0,Orem-Center Street,City Center,0.8686920045928542,0.36489768800797795
2872.0,Scera Park,Neighborhood Center,0.07208051839780401,0.001862534860994725
2873.0,Orem-Center Street,City Center,0.0,0.002642837063892375
2885.0,University Center,Urban Center,1.0,0.014454582908396265
2887.0,Hillcrest,City Center,0.41193844597225315,0.2701679567862905
2887.0,University Center,Urban Center,0.3608671022204929,0.10005498692092886
2888.0,Hillcrest,City Center,0.5856547768154264,0.8748495669746564
2888.0,University Center,Urban Center,0.4143452231845132,0.12515043302532589
2889.0,University Center,Urban Center,0.9655848949227825,0.14257301609277562
2890.0,University Center,Urban Center,0.949634074146607,0.4383057469968478
2891.0,University Center,Urban Center,0.9999714188705459,0.7910155150070687
2892.0,University Center,Urban Center,0.9875570753635403,0.9837274505788496
2893.0,University Center,Urban Center,0.9949672429002332,0.9948651757623217
2894.0,Hillcrest,City Center,0.08224493253873341,0.6033251783525078
2894.0,University Center,Urban Center,0.9177550672152043,0.3966748173881412
2927.0,Hillcrest,City Center,0.0,0.049381991488756286
2928.0,Downtown Provo,Urban Center,0.005789742502646085,0.0018775714399769422
2928.0,Hillcrest,City Center,0.9942102574973427,0.9935860176943975
2929.0,Downtown Provo,Urban Center,0.9660805888488113,0.9463439747930437
2929.0,Hillcrest,City Center,0.03319427710361251,0.05365602520689266
2930.0,Downtown Provo,Urban Center,0.7861884887603792,0.5100820231788562
2930.0,Hillcrest,City Center,0.21372662097335046,0.4899178969482431
2931.0,Downtown Provo,Urban Center,0.9624888651731786,0.9563587167238936
2931.0,Hillcrest,City Center,0.037510728978534455,0.04364081110323961
2932.0,Hillcrest,City Center,1.0,0.9999999999999606
2933.0,Downtown Provo,Urban Center,0.01061092651736448,0.00535726008653983
2933.0,Hillcrest,City Center,0.9893890734826355,0.9946427399134602
2934.0,Downtown Provo,Urban Center,0.011586725261203048,0.011586725261203048
2934.0,Hillcrest,City Center,0.9884132747387643,0.9884132747387643
2935.0,Hillcrest,City Center,0.8321156988218862,0.8396481033016792
2936.0,Hillcrest,City Center,0.4668095874194715,0.4668095874194715
2937.0,Downtown Provo,Urban Center,1.0,1.0
2938.0,Downtown Provo,Urban Center,1.0,1.0
2942.0,Downtown Provo,Urban Center,0.0,0.03835261840910566
2965.0,Downtown Provo,Urban Center,0.089267225475369,0.33074900314555766
2966.0,Downtown Provo,Urban Center,1.0,1.0
2967.0,Downtown Provo,Urban Center,1.0,1.0
2968.0,Downtown Provo,Urban Center,1.0,1.0
2970.0,Downtown Provo,Urban Center,1.0,0.15487112977391007
2971.0,Downtown Provo,Urban Center,1.0,1.0
2972.0,Downtown Provo,Urban Center,1.0,1.0
2974.0,Downtown Provo,Urban Center,1.0,0.23962297850214878
2975.0,Downtown Provo,Urban Center,1.0,1.0
2976.0,Downtown Provo,Urban Center,1.0,1.0
2977.0,Downtown Provo,Urban Center,0.9829636089345551,0.3277068803469626
2978.0,Downtown Provo,Urban Center,1.0,1.0
2979.0,Downtown Provo,Urban Center,1.0,1.0
2980.0,Downtown Provo,Urban Center,1.0,1.0
2981.0,Downtown Provo,Urban Center,1.0,0.7702583846512219
2982.0,Downtown Provo,Urban Center,0.0,0.05756380428918559
2984.0,Downtown Provo,Urban Center,1.0,0.3293412877178919
2986.0,Downtown Provo,Urban Center,1.0,1.0
2987.0,Downtown Provo,Urban Center,0.0,0.49145215334140835
2988.0,Downtown Provo,Urban Center,0.0,0.41665668918945276
2989.0,Downtown Provo,Urban Center,1.0,0.9794210174265143
2990.0,Downtown Provo,Urban Center,0.0,1.0
2991.0,Downtown Provo,Urban Center,0.0,1.0
2992.0,Downtown Provo,Urban Center,1.0,1.0
2993.0,Downtown Provo,Urban Center,1.0,1.0
2994.0,Downtown Provo,Urban Center,1.0,0.1628656898590757
2996.0,Downtown Provo,Urban Center,0.07473011415961457,0.0007968181355534252
2997.0,Downtown Provo,Urban Center,0.8851928484153462,0.0
2998.0,Downtown Provo,Urban Center,0.9700324991124417,0.0
3000.0,Downtown Provo,Urban Center,0.32527677561528306,0.2602898641545371
3001.0,Downtown Provo,Urban Center,0.992296174915014,0.8879402525909607
3002.0,Downtown Provo,Urban Center,0.031091432889683274,0.0
3004.0,Downtown Provo,Urban Center,1.0,1.0
3005.0,Downtown Provo,Urban Center,1.0,1.0
3006.0,Downtown Provo,Urban Center,0.4894331864139764,0.05180972075204906
3007.0,Downtown Provo,Urban Center,1.0,1.0
3008.0,Downtown Provo,Urban Center,1.0,1.0
3009.0,Downtown Provo,Urban Center,0.12141309503083232,0.16977366179780998
3010.0,Downtown Provo,Urban Center,0.09782608367780088,0.2109260073069598
3011.0,Downtown Provo,Urban Center,1.0,1.0
3012.0,Downtown Provo,Urban Center,1.0,1.0
3013.0,Downtown Provo,Urban Center,1.0,1.0
3014.0,Downtown Provo,Urban Center,1.0,1.0
3015.0,Downtown Provo,Urban Center,1.0,1.0
3016.0,Downtown Provo,Urban Center,1.0,0.8928924226723406
3019.0,Downtown Provo,Urban Center,0.9543913392122002,0.0
3020.0,Downtown Provo,Urban Center,0.9563901807547145,0.0
3021.0,Downtown Provo,Urban Center,0.0008936197846663205,0.0
3022.0,Downtown Provo,Urban Center,0.0002872367349346575,0.0
3027.0,Downtown Provo,Urban Center,1.0,0.8970141778353652
3028.0,Downtown Provo,Urban Center,0.003003701701747217,5.0850457298931344e-05
3030.0,Downtown Provo,Urban Center,0.0,0.13875701565555104
3039.0,Downtown Springville,City Center,0.14125161835772485,0.05200359742916475
3040.0,Downtown Springville,City Center,0.24615146324179302,0.0930827322192527
3052.0,Downtown Springville,City Center,0.24729137783715788,0.0
3058.0,Downtown Springville,City Center,0.8792426766765501,0.2955887852693295
3059.0,Downtown Springville,City Center,0.9265796940923381,0.22172646941848137
3064.0,Downtown Springville,City Center,0.4613637002690073,0.5806574536367095
3065.0,Downtown Springville,City Center,0.3840381929027301,0.07171603306158918
3066.0,Downtown Springville,City Center,0.8754894104807468,0.3984980062217135
3067.0,Downtown Springville,City Center,0.6760626411661371,0.3073717188981951
3068.0,Downtown Springville,City Center,0.9357693685522185,0.09180325441612053
3069.0,Downtown Springville,City Center,1.0,0.20147563111985906
3079.0,Downtown Springville,City Center,0.1859091220099951,0.08273783575862222
3080.0,Downtown Springville,City Center,1.0,0.22474455952397263
3081.0,Downtown Springville,City Center,0.6358034896835509,0.004611673362423901
3082.0,Downtown Springville,City Center,0.5900790896599366,0.12109932516320535
3144.0,North Park,City Center,0.10385945222113985,0.0
3145.0,North Park,City Center,0.2673077203411714,0.0
3147.0,North Park,City Center,0.1312266814979624,0.0
3148.0,North Park,City Center,0.7485277541699381,0.00017516242528062295
3149.0,North Park,City Center,0.07938155866627003,0.0013336360089760723
3150.0,North Park,City Center,0.421585582622128,0.01654826818485085
3151.0,North Park,City Center,0.9753285823853546,0.0
3152.0,North Park,City Center,0.6359523207238534,0.010808888050773357
3153.0,Spanish Fork Main Street,Neighborhood Center,0.0,0.06313788931702416
3154.0,North Park,City Center,0.5664691255862023,0.0009037732619183486
3154.0,Spanish Fork Main Street,Neighborhood Center,0.0,0.06413973720118962
3156.0,Spanish Fork West,Neighborhood Center,0.07362935439344061,0.07024193478437933
3157.0,Spanish Fork West,Neighborhood Center,0.5843718431274567,0.6237944092444023
3158.0,Spanish Fork West,Neighborhood Center,0.8885268382059922,0.10599999089321559
3160.0,Spanish Fork West,Neighborhood Center,0.0,0.06993378168227579
3166.0,Spanish Fork Main Street,Neighborhood Center,0.0,0.03555458392131879
3167.0,Spanish Fork Main Street,Neighborhood Center,0.0,0.32874739198349234
3168.0,Spanish Fork Main Street,Neighborhood Center,0.0,0.2110012180990887
3335.0,Payson Main Street,City Center,0.049652276775212466,0.002399578138203402
3336.0,Payson Main Street,City Center,0.38787330969188627,0.0
3337.0,Payson Main Street,City Center,0.05873111521411348,0.3500301037356515
3345.0,Payson Main Street,City Center,0.3490459559060237,0.9176800397023156
3346.0,Payson Main Street,City Center,0.8221199439697328,0.2960807262038236
3347.0,Payson Main Street,City Center,0.9335491264844048,0.3428399730804892
3351.0,Payson Main Street,City Center,0.6428732260320481,0.3601221474126223
3352.0,Payson Main Street,City Center,0.281939965918543,0.021927306795662755
3353.0,Payson Main Street,City Center,0.005284488470589638,0.0006816210176581013
3364.0,Payson Main Street,City Center,0.09124667540261673,0.01593635596171637
3365.0,Payson Main Street,City Center,1.0,0.4424647712100019
3388.0,Salem,Neighborhood Center,0.0,0.05369549572193442
3394.0,Salem,Neighborhood Center,0.0,0.2207814082404194
3405.0,Salem,Neighborhood Center,0.0,0.09474576087193967
3406.0,Salem,Neighborhood Center,0.0,0.16862984921003094
3407.0,Salem,Neighborhood Center,0.0,0.017240829462135034
