N,project_id,TAZID,pctu_ch
10008,20.0,2117.0,0.8652141010434933
10010,20.0,1918.0,0.9988023680022583
10010,20.0,1973.0,0.8748345315896142
10016,16.0,1633.0,0.7511437948084951
10019,16.0,1024.0,0.09066733559506901
10021,17.0,1027.0,0.4873713913359556
10025,20.0,820.0,0.9384983866363252
10025,20.0,821.0,1.0
10025,20.0,860.0,0.6847483397263195
10025,20.0,861.0,0.9311442726284811
10025,20.0,862.0,0.9626775553248725
10035,20.0,737.0,0.9763989962944435
10036,20.0,663.0,0.0
10042,20.0,500.0,0.8638466916434668
10042,20.0,501.0,0.8479786912485509
10046,20.0,367.0,0.31303294717964597
10046,20.0,368.0,0.7851886775913138
10060,20.0,2166.0,0.28205141868563965
10060,20.0,2167.0,0.7589836612002542
10060,20.0,2170.0,0.000974971329329681
10060,20.0,2177.0,0.4975386964831468
10060,20.0,2182.0,0.5521764790542575
15011,18.0,933.0,8.054146497365535e-05
15011,18.0,2010.0,0.521107273257847
15011,18.0,2026.0,0.867928537430038
15011,18.0,2027.0,0.4337664742116865
15011,18.0,2029.0,0.5241816035908186
15011,18.0,2030.0,0.0
15011,18.0,2031.0,0.001487393690003327
15011,18.0,2032.0,0.08262780810572713
15011,18.0,2033.0,0.6256491408088045
15011,18.0,2036.0,0.9998315022957351
15011,18.0,2038.0,0.8986386249567118
15011,18.0,2039.0,0.6221083892616293
15011,18.0,2040.0,0.5917802313959433
15011,18.0,2063.0,1.0
15011,18.0,2072.0,0.7395031124996359
15011,18.0,2073.0,0.009975292361164763
15011,18.0,2074.0,0.7740524714355032
15011,18.0,2082.0,0.993036092862475
15011,18.0,2083.0,0.9153475535265038
15012,18.0,931.0,0.37589971036235825
15012,18.0,1975.0,0.8824003191818185
15012,18.0,1992.0,0.0010940085418912583
15012,18.0,2004.0,0.7663096806381141
15012,18.0,2005.0,0.0
15012,18.0,2006.0,1.0
15014,18.0,1965.0,0.00042325583286754683
15014,18.0,1966.0,0.08249492638578518
15014,18.0,1967.0,0.7937001849554559
15014,18.0,1974.0,0.8642775644275511
15014,18.0,1990.0,0.008080432583777272
15014,18.0,1991.0,0.0
15036,18.0,1739.0,0.904995609518888
15036,18.0,1740.0,0.9658893500471871
15036,18.0,1760.0,0.7833800104126633
15041,14.0,1939.0,0.9254866481546762
15041,14.0,2113.0,0.702804961237741
15041,14.0,2114.0,0.9202712368957631
15041,14.0,2115.0,0.0
15041,14.0,2123.0,0.24558052249737464
15041,14.0,2125.0,1.0
15044,16.0,2106.0,0.0
15044,16.0,2107.0,0.0870117129778554
15044,16.0,2109.0,0.0207284827271944
15046,16.0,1929.0,0.0
15050,18.0,1744.0,0.5999718200698593
15050,18.0,1753.0,0.5381351919078533
15050,18.0,1754.0,0.5338746699200485
15051,16.0,1898.0,0.5409851248359234
15052,18.0,1745.0,0.8160780181418202
15053,16.0,1878.0,0.8094717899120392
15053,16.0,1879.0,0.4244282415046005
15053,16.0,1890.0,0.4850086241464792
15053,16.0,1891.0,0.9459832582926853
15056,16.0,1866.0,0.9965941565200767
15056,16.0,1876.0,0.18638579880555417
15059,18.0,1798.0,0.8619443358959528
15062,16.0,1801.0,0.6055141157011892
15062,16.0,1812.0,0.4139059884006535
15063,16.0,1801.0,0.7103084487084601
15063,16.0,1802.0,0.0012910392522396748
15068,16.0,1658.0,0.9917797835098598
15068,16.0,1668.0,0.8964231644271503
15068,16.0,1669.0,0.7009141162419296
15069,17.0,1383.0,0.4113118915936239
15077,16.0,1619.0,0.6408701348672861
15080,16.0,1491.0,0.6034814419450857
15086,16.0,1471.0,0.6617605357860227
15086,16.0,1472.0,0.892315589191506
15086,16.0,1473.0,1.0
15086,16.0,1481.0,0.9514343631233539
15086,16.0,1482.0,0.7537577714246039
15095,16.0,1443.0,0.8884858249836078
15095,16.0,1444.0,1.0
15095,16.0,1449.0,0.9852932788063082
15095,16.0,1451.0,0.999657435408699
15097,19.0,1453.0,0.9999769747819072
15097,19.0,1455.0,1.0
15098,19.0,1446.0,1.0
15098,19.0,1458.0,1.0
15099,19.0,1447.0,0.9945902165521912
15099,19.0,1460.0,0.899221442436257
15101,17.0,1016.0,0.9577621459417304
15104,16.0,1191.0,0.6406895498813321
15105,17.0,1017.0,0.31023997177954205
15106,19.0,1272.0,0.6511700791506053
15107,19.0,1273.0,0.8526240366401969
15109,16.0,1128.0,0.7858212451281079
15110,17.0,1020.0,0.540673823171504
15119,16.0,1065.0,0.5825071724051158
15120,88.0,1068.0,0.0
15122,17.0,1022.0,0.9158367345057647
15123,16.0,1129.0,1.0
15123,16.0,1133.0,0.3411115006241789
15125,16.0,1069.0,0.6876377375723969
15126,16.0,1070.0,0.7391538106182758
15127,16.0,1135.0,0.9957723765755511
15130,16.0,1028.0,0.002176908709868607
15133,16.0,1077.0,0.8181626336554857
15134,18.0,1146.0,0.5068450859673528
15134,18.0,1147.0,0.0
15135,16.0,1032.0,0.0
15136,16.0,1034.0,0.31282821508059133
15138,18.0,1158.0,0.9670748139215063
15139,18.0,1161.0,0.5215449062510259
15182,130.0,447.0,0.9970956692847954
15183,130.0,176.0,0.0
15185,130.0,217.0,1.0
15186,130.0,174.0,1.0
15186,130.0,175.0,0.7477988932500768
15186,130.0,181.0,0.9760808131791259
15186,130.0,182.0,1.0
15189,130.0,170.0,0.0
15189,130.0,171.0,0.0
15189,130.0,177.0,0.0
15189,130.0,178.0,0.0
20697,83.0,931.0,1.3217801319732831e-09
20697,83.0,932.0,2.5277145758710326e-13
20697,83.0,1994.0,0.8279119706317273
20697,83.0,1995.0,0.5600117827096392
20697,83.0,1996.0,0.9695370544617447
20697,83.0,2007.0,0.0007475979997750146
20697,83.0,2008.0,0.14247271075043122
20697,83.0,2009.0,0.47097577955554154
20697,83.0,2022.0,0.9870114260936553
20697,83.0,2034.0,0.9999993181435883
20780,83.0,1996.0,0.8785176960620832
20825,83.0,1977.0,0.9816962832713164
20860,83.0,1999.0,0.3203026466215715
20860,83.0,2013.0,0.9950338106522718
20860,83.0,2014.0,0.8760552233864833
20860,83.0,2015.0,1.0
20884,83.0,1981.0,0.0
20905,119.0,926.0,0.40916369295690025
20951,83.0,1977.0,1.0
21022,150.0,2149.0,0.0
21028,150.0,2179.0,0.8485888506929101
21028,150.0,2183.0,0.47096673166581404
21028,150.0,2185.0,0.12450033408328567
21031,150.0,2178.0,0.686185523677303
21036,150.0,2150.0,0.23314062181439166
21036,150.0,2151.0,0.7654336969232051
21036,150.0,2152.0,1.0
21036,150.0,2153.0,0.8171749041275251
21036,150.0,2154.0,0.3312205430644594
21036,150.0,2155.0,0.9917973295735143
21036,150.0,2158.0,0.7022604508051448
21036,150.0,2184.0,0.08903329613370875
21088,150.0,2140.0,0.0
21101,150.0,2138.0,0.0
21109,150.0,2141.0,0.0
21126,150.0,2134.0,0.42705909706291983
21126,150.0,2139.0,0.044397971702032246
21234,150.0,2133.0,0.05105806303373513
21241,150.0,2127.0,0.8690564269802747
21410,102.0,1717.0,0.896899023962248
21410,102.0,1730.0,0.5120306813214387
21410,102.0,1733.0,0.5956610272863373
21469,102.0,1734.0,0.7188830773651613
21473,95.0,2069.0,0.7386913796599672
21473,95.0,2070.0,0.34321468071294126
21473,95.0,2071.0,0.9974117937549221
21473,95.0,2079.0,0.458039516908781
21473,95.0,2080.0,0.41415667212694396
21473,95.0,2081.0,0.24591446533635658
21736,69.0,1437.0,0.6510713021067723
21776,95.0,1929.0,0.7789759594232766
21816,14.0,2112.0,0.9225660263796999
21860,14.0,2110.0,0.4798268787286134
21860,14.0,2122.0,0.7356109359442176
21862,95.0,1988.0,0.7152456023682343
21862,95.0,2001.0,0.4624333968202803
21877,95.0,1919.0,0.841321632940301
21877,95.0,1920.0,0.9332596109908766
21877,95.0,1928.0,0.8895385885762974
21877,95.0,1989.0,0.6624667918278229
21884,126.0,1303.0,0.6360337623718973
21884,126.0,1306.0,0.8177637000001045
21915,95.0,1972.0,0.9021238237578768
21915,95.0,1986.0,0.9796934457131611
21920,128.0,1310.0,0.08603260728948585
21920,128.0,1311.0,0.4622416358830518
21920,128.0,1314.0,0.6174219350055701
21920,128.0,1315.0,0.9090738489747341
21920,128.0,1318.0,1.0
21948,104.0,1950.0,0.9866211807869775
21948,104.0,1959.0,0.18115042183557772
21948,104.0,1960.0,0.5879524664909979
21948,104.0,1971.0,0.614313376554791
21948,104.0,1984.0,0.38052811508562306
21962,119.0,1426.0,0.1572315376989382
21962,119.0,1562.0,0.5431994444653667
22016,104.0,1951.0,0.960963421917199
22027,72.0,1985.0,0.65284743598486
22089,83.0,1563.0,0.0
22089,83.0,1570.0,0.0
22125,72.0,1908.0,0.699724132939368
22132,110.0,1897.0,0.7836286795905529
22182,83.0,1565.0,0.0
22198,83.0,1566.0,0.0
22215,72.0,1909.0,0.9941942787826943
22219,103.0,1743.0,0.09772289310231053
22269,103.0,1725.0,0.5312695851560401
22269,103.0,1726.0,0.9231973161749231
22285,110.0,1887.0,0.7627716960454518
22318,69.0,1600.0,0.8221856906694607
22320,145.0,1568.0,0.7229678061078009
22320,145.0,1569.0,0.9735421952145831
22387,72.0,1888.0,0.1320199608334679
22426,103.0,1727.0,0.9613386563883334
22431,104.0,1862.0,0.51830610063037
22451,145.0,1594.0,0.7752436079570931
22451,145.0,1599.0,0.6806823772122854
22461,110.0,1872.0,0.6142022653698478
22465,112.0,1745.0,1.0
22465,112.0,1765.0,1.0
22511,72.0,1863.0,0.9971763965907691
22511,72.0,1873.0,0.8454652205572497
22546,112.0,1809.0,1.0
22566,103.0,1808.0,0.9999337044217963
22597,112.0,1800.0,0.8512947014138685
22597,112.0,1809.0,0.6097409313314011
22597,112.0,1810.0,0.12988935257262466
22600,72.0,1821.0,1.0
22600,72.0,1863.0,0.8600637131504709
22600,72.0,1864.0,1.0
22600,72.0,1874.0,0.2549995356519702
22633,103.0,1797.0,0.6893244386672527
22633,103.0,1799.0,0.47975290633842615
22636,83.0,1391.0,0.9849135292345425
22636,83.0,1410.0,1.0
22638,119.0,1356.0,0.5809979091869818
22638,119.0,1357.0,0.9960939068395444
22638,119.0,1375.0,0.7645463616441449
22638,119.0,1376.0,0.6847306097715701
22731,126.0,1341.0,0.49494976540281893
22742,102.0,1789.0,0.4732086140183311
22747,102.0,1786.0,0.4423171849427182
22747,102.0,1790.0,0.5187684349791815
22848,72.0,1813.0,0.5891728725809129
22875,72.0,1802.0,0.9922513154506327
22879,89.0,1334.0,0.9898562397022777
22879,89.0,1335.0,0.9917738730339866
22879,89.0,1342.0,0.6231425141040986
22883,69.0,1666.0,0.3417568984285927
22907,138.0,1605.0,0.7627931096885764
22909,145.0,1589.0,0.8335918039279145
22909,145.0,1603.0,0.020392922582001656
22909,145.0,1604.0,0.7747608243777049
22969,69.0,1667.0,0.10646003596158596
22974,118.0,1573.0,0.9836674065296884
23072,146.0,1880.0,0.5254761652680288
23072,146.0,1883.0,0.8510510667715997
23072,146.0,1894.0,0.9558757136376288
23072,146.0,1895.0,0.1949791032903144
23079,75.0,1805.0,0.3318246954353284
23079,75.0,1806.0,0.9972014282856084
23079,75.0,1850.0,0.9987122864339475
23079,75.0,1851.0,0.9904063246634279
23079,75.0,1852.0,0.8085031392575994
23112,113.0,1392.0,0.9976789145395687
23112,113.0,1411.0,0.8824317842600017
23177,138.0,1589.0,0.9650124444197391
23177,138.0,1590.0,0.2519473348699853
23177,138.0,1598.0,0.6777684121594382
23252,72.0,1787.0,1.0
23271,141.0,1659.0,0.7598714733417994
23287,72.0,1660.0,1.0
23352,75.0,1807.0,0.9955608621102849
23352,75.0,1837.0,0.13415892112920047
23353,75.0,1849.0,0.48876912212561674
23353,75.0,1853.0,0.9553274690987567
23402,118.0,1590.0,0.032923715322998294
23402,118.0,1591.0,0.9639417955969346
23419,75.0,1806.0,0.7182629413481573
23419,75.0,1807.0,0.8355671471502985
23419,75.0,1837.0,0.2811824134511814
23455,64.0,1575.0,0.46222698984589367
23455,64.0,1576.0,0.9998771966597947
23506,89.0,1367.0,0.968729620447544
23506,89.0,1368.0,0.9932189495354113
23506,89.0,1384.0,0.9235513912899899
23517,75.0,1831.0,0.14853701505507153
23540,75.0,1795.0,0.793522587062909
23540,75.0,1830.0,0.8695865692157247
23540,75.0,1832.0,0.9994649735919764
23551,118.0,1592.0,0.9510900845775495
23571,138.0,1399.0,0.7863101157873246
23577,141.0,1794.0,0.9719522761674249
23577,141.0,1796.0,0.4463710462308542
23591,118.0,1632.0,0.7557087427997636
23639,75.0,1822.0,0.7591215551496582
23639,75.0,1823.0,0.6258193428574272
23639,75.0,1829.0,0.37206651052945494
23639,75.0,1833.0,0.9731923396007932
23650,138.0,1400.0,0.6973718869204903
23696,118.0,1593.0,0.9986459640979332
23696,118.0,1617.0,0.7511565179410538
23696,118.0,1626.0,0.26738693085868465
23718,118.0,1582.0,0.8689875239145518
23728,138.0,1386.0,0.8111881002301639
23728,138.0,1387.0,0.5424680141030592
23742,72.0,1635.0,0.7531694397102496
23748,118.0,1627.0,0.7977339043636664
23775,118.0,1634.0,0.27722269659973925
23790,141.0,1650.0,0.0
23790,141.0,1651.0,0.8076539458750743
23790,141.0,1663.0,0.9955916524164694
23790,141.0,1664.0,0.6873002432758207
23794,128.0,1370.0,1.0
23794,128.0,1371.0,0.9990157995321632
23836,126.0,1350.0,0.8237460111026947
23836,126.0,1351.0,0.26734269155706014
23848,72.0,1628.0,0.5590598277922939
23895,72.0,1629.0,0.5670809464354977
23920,75.0,1696.0,1.0
23920,75.0,1697.0,0.7315883145105208
23933,141.0,1645.0,0.6699934900183241
23933,141.0,1646.0,0.9289247571735482
23933,141.0,1652.0,0.9935285677552308
23995,141.0,1636.0,0.9036834509151733
24041,145.0,1620.0,0.7890903508006931
24041,145.0,1622.0,0.7393306538137342
24046,140.0,1618.0,0.8262657419332208
24102,140.0,1534.0,0.5393380290466248
24102,140.0,1535.0,0.0
24102,140.0,1619.0,0.9282156574156601
24130,147.0,1621.0,0.48775667552727253
24130,147.0,1623.0,0.9768275466685402
24219,147.0,1536.0,0.9318746528616468
24228,64.0,1492.0,0.19603182890604792
24228,64.0,1493.0,0.40323296587813773
24256,64.0,1494.0,0.8678692655710138
24256,64.0,1534.0,0.8815012760519678
24256,64.0,1535.0,0.8667559200262736
24281,64.0,1495.0,0.9804784329312227
24295,141.0,1548.0,0.9987588109961246
24295,141.0,1549.0,0.994318535781838
24306,79.0,1824.0,0.4815423459319425
24306,79.0,1825.0,0.7998797554338505
24306,79.0,1827.0,0.994199892611268
24306,79.0,1834.0,0.9270926312722492
24306,79.0,1835.0,0.4063946073144693
24369,148.0,1828.0,0.402982041203457
24369,148.0,1841.0,0.5471594210755181
24394,79.0,1698.0,1.0
24467,128.0,1475.0,0.992972118370966
24467,128.0,1476.0,0.9985423868907446
24467,128.0,1484.0,0.8672790367190021
24467,128.0,1485.0,0.979828194830391
24498,145.0,1551.0,0.9949998329082074
24498,145.0,1689.0,0.8055500463943333
24537,145.0,1684.0,0.9735918897886338
24537,145.0,1690.0,0.986709765735149
24593,147.0,1466.0,0.9813160795759267
24593,147.0,1467.0,0.9552536536742838
24642,89.0,1178.0,0.49509943525062017
24642,89.0,1179.0,0.0
24642,89.0,1180.0,0.6523637514719166
24648,147.0,1450.0,1.0
24648,147.0,1454.0,0.9820201165008113
24648,147.0,1463.0,1.0
24648,147.0,1464.0,0.9508155654008926
24688,147.0,1452.0,0.9796397355747076
24716,79.0,1680.0,0.6350654919824056
24716,79.0,1681.0,0.8549202008851865
24716,79.0,1685.0,0.3874691692358764
24716,79.0,1686.0,0.3014514229154065
24727,60.0,1442.0,0.9857004288067455
24819,143.0,1445.0,0.9570214512104317
24840,75.0,1515.0,0.9996448498932188
24858,128.0,1508.0,0.763110323760456
24858,128.0,1516.0,0.998419317749334
24858,128.0,1517.0,1.0
24862,75.0,1507.0,0.7489457568074308
24880,75.0,1297.0,0.7914328139986434
24880,75.0,1301.0,0.9217080409088971
24890,139.0,1227.0,0.8753076533271031
24891,60.0,1228.0,0.6463481433141837
24911,88.0,1111.0,0.8272929370192715
24911,88.0,1182.0,0.9488160874182605
24911,88.0,1184.0,0.6304385442962495
24922,60.0,1229.0,0.6347888340736456
24924,144.0,1226.0,0.9547149973607201
24946,83.0,1189.0,0.8594970473434447
24956,109.0,984.0,0.5595018058249805
24956,109.0,985.0,0.5985837040323269
24967,88.0,1112.0,0.9009615498952402
24967,88.0,1115.0,0.8604214378755055
25012,139.0,1188.0,0.9823980316360542
25025,147.0,1230.0,0.7879183953228094
25049,141.0,1287.0,0.2361897375309741
25060,88.0,1064.0,0.8577756840594286
25060,88.0,1110.0,0.604960891962495
25060,88.0,1113.0,0.8689251326659543
25070,139.0,1186.0,0.9540369465112528
25089,139.0,1116.0,0.8436489337451072
25089,139.0,1190.0,0.8485890560505982
25098,147.0,1231.0,0.6893335329986879
25111,109.0,981.0,0.0
25121,141.0,1261.0,0.7645136792075465
25142,142.0,1023.0,0.32575886551589706
25142,142.0,1114.0,0.6733200423263823
25159,139.0,1120.0,0.4632794202732688
25159,139.0,1124.0,0.6593610260973568
25187,147.0,1193.0,0.888475203376302
25187,147.0,1194.0,0.9891878629888172
25198,109.0,960.0,0.6270305539634309
25198,109.0,966.0,0.7627075771791254
25198,109.0,980.0,0.9969691365835616
25199,139.0,1117.0,0.9502208773278761
25199,139.0,1121.0,1.0
25199,139.0,1125.0,1.0
25202,143.0,1274.0,0.9724592827063441
25202,143.0,1275.0,0.7426153404608091
25202,143.0,1276.0,0.9301239256141874
25215,79.0,1511.0,0.9908900413535748
25215,79.0,1512.0,0.5193829931693482
25215,79.0,1519.0,0.9930477857159222
25215,79.0,1520.0,0.060337787752038394
25216,144.0,1132.0,0.7838739736625584
25216,144.0,1136.0,1.0
25216,144.0,1192.0,0.5907372025465022
25248,139.0,1126.0,1.0
25250,75.0,1288.0,0.5189253370102657
25260,139.0,1122.0,1.0
25261,88.0,1118.0,0.7098596144343535
25261,88.0,1119.0,0.8073665071507802
25262,79.0,1500.0,0.0
25262,79.0,1501.0,0.8626301354182211
25266,109.0,986.0,0.4660595059067928
25266,109.0,988.0,0.9946490842056672
25280,142.0,1123.0,0.9786961534528078
25285,139.0,1127.0,1.0
25286,88.0,1026.0,0.9423576936748775
25294,147.0,1140.0,0.5448414625792993
25328,139.0,1071.0,1.0
25329,135.0,1066.0,0.6006594986743202
25340,22.0,1130.0,1.0
25346,88.0,1067.0,0.12017122273298596
25360,147.0,1141.0,0.5272209228903608
25362,142.0,1131.0,1.0
25369,139.0,1072.0,0.7251233377821888
25381,64.0,1531.0,0.8677843770931074
25384,108.0,1025.0,0.8753443751093154
25390,22.0,1134.0,1.0
25391,147.0,1137.0,0.8892536255078439
25391,147.0,1142.0,1.0
25393,142.0,1074.0,0.8701453143476388
25393,142.0,1076.0,0.4691546099916229
25401,138.0,990.0,0.42351341786102636
25420,147.0,1138.0,1.0
25421,140.0,1073.0,0.39224367983322594
25442,119.0,1075.0,0.8239835184974029
25461,147.0,1143.0,0.0
25464,142.0,1079.0,1.0
25464,142.0,1139.0,0.1892722085412678
25490,21.0,1082.0,0.575091053900817
25493,139.0,1030.0,0.2832820861337623
25493,139.0,1031.0,1.0
25522,139.0,1029.0,0.3733971797122921
25523,109.0,1078.0,0.6632107355223956
25538,142.0,1085.0,0.7570444376391035
25546,108.0,991.0,0.6313658939403275
25546,108.0,992.0,0.9077561620167686
25546,108.0,994.0,0.5258883047862056
25562,109.0,1080.0,0.6218039880118527
25568,21.0,1083.0,0.8194275531101595
25602,128.0,1503.0,0.9764202053253681
25604,140.0,1150.0,0.536861649378875
25604,140.0,1154.0,0.8310825161952141
25606,142.0,1088.0,0.44155378944966805
25606,142.0,1151.0,0.2732971584720229
25618,53.0,1084.0,0.380138119097279
25619,109.0,1033.0,0.1314605581939575
25619,109.0,1035.0,0.05355888500835942
25627,141.0,1159.0,0.9952439127769049
25627,141.0,1162.0,0.8062668014609238
25627,141.0,1197.0,0.8927736024525921
25630,140.0,1155.0,0.9706863598552012
25630,140.0,1157.0,0.9714799409162292
25635,21.0,1037.0,0.9534735666850028
25635,21.0,1081.0,0.7961642813542037
25650,60.0,1238.0,1.0
25650,60.0,1240.0,1.0
25653,135.0,1086.0,0.8877491819311062
25653,135.0,1087.0,0.8849450957977091
25663,143.0,1267.0,0.9762700492948264
25663,143.0,1268.0,0.8606241834917818
25663,143.0,1269.0,0.9509337531022716
25663,143.0,1278.0,0.26134330247030163
25663,143.0,1279.0,0.9793006386385237
25663,143.0,1280.0,0.9626037825838728
25663,143.0,1292.0,0.993501350573828
25667,144.0,1198.0,0.9873575046720472
25673,21.0,1091.0,0.9273166919374076
25677,21.0,1036.0,0.30346329737537764
25696,140.0,1089.0,0.9585531538670132
25696,140.0,1090.0,0.5388082793866737
25697,140.0,1094.0,0.9905779627523537
25704,53.0,1038.0,0.36184988047221256
25708,144.0,1165.0,0.9752190780659701
25715,140.0,1092.0,0.7226586306601509
25726,140.0,993.0,0.8235297849518141
25738,140.0,1093.0,0.4702344555751839
25739,141.0,1039.0,0.584249645447646
25739,141.0,1040.0,0.7082366174204761
25740,140.0,1095.0,0.6829777284170659
25772,21.0,972.0,0.9044032404154848
25772,21.0,996.0,0.752610240688734
25796,109.0,1041.0,0.7155967209112579
25832,135.0,1096.0,0.6929874016208355
25848,21.0,971.0,0.565448875922274
25879,21.0,1097.0,0.925382719779382
25884,142.0,1293.0,0.9247719330594246
25885,109.0,1042.0,0.805353828224295
25885,109.0,1044.0,0.5605895869350529
26013,142.0,1243.0,0.997812178175155
26024,142.0,1244.0,1.0
26072,135.0,1050.0,0.4306140229626436
26072,135.0,1101.0,0.8738612190842228
26153,21.0,1052.0,0.0
26247,22.0,889.0,0.9992007319304396
26247,22.0,894.0,0.9961228364258375
26254,21.0,892.0,0.9947185484680732
26262,22.0,891.0,0.8702574697145533
26288,22.0,876.0,0.8613156305747954
26288,22.0,883.0,0.5485166998821935
26288,22.0,884.0,0.7306783400990079
26315,22.0,866.0,0.9948503121520597
26315,22.0,874.0,0.9959656223892092
26343,22.0,854.0,1.0
26395,22.0,855.0,0.9977403341892733
26395,22.0,872.0,0.9865569026767058
26395,22.0,880.0,0.9985611114355171
26430,22.0,844.0,0.9993065647627827
26480,21.0,846.0,0.6905230977489936
26480,21.0,847.0,0.9319311446585856
26496,124.0,864.0,0.8079179781185045
26499,22.0,837.0,0.9947809477691935
26499,22.0,840.0,1.0
26499,22.0,845.0,0.7998262686832205
26542,124.0,830.0,0.9925182909809351
26542,124.0,831.0,0.9899810322966093
26542,124.0,836.0,0.9973521184340802
26542,124.0,837.0,0.999299326652562
26545,22.0,838.0,0.48872716577279324
26564,124.0,825.0,0.9711264156617079
26570,22.0,831.0,0.8190168661986243
26570,22.0,832.0,0.7825718031651666
26572,124.0,830.0,0.6583419963256059
26572,124.0,831.0,0.8555111572243089
26646,22.0,811.0,0.0
26646,22.0,812.0,0.7059877076513207
26646,22.0,826.0,1.0
26646,22.0,827.0,0.5047220721788084
26652,124.0,801.0,0.9720432913339668
26652,124.0,806.0,0.9650713954745475
26676,124.0,807.0,0.9294464935167176
26706,124.0,802.0,0.8902051488858193
26706,124.0,803.0,0.9960322525178084
26711,22.0,808.0,0.8971196736050645
26711,22.0,809.0,0.6214022336290229
26932,31.0,670.0,0.5892889609949693
26932,31.0,674.0,0.7049749947280813
26932,31.0,677.0,1.0
26932,31.0,678.0,0.006110279647605616
26932,31.0,679.0,0.9300406090162744
26932,31.0,680.0,0.6780160177233977
26932,31.0,685.0,1.0
26990,21.0,786.0,1.0
26995,31.0,675.0,0.607436280547593
27002,149.0,775.0,0.8955629972550762
27004,21.0,778.0,1.0
27004,21.0,780.0,0.8148483627867978
27030,149.0,765.0,1.1244427221297927e-07
27076,149.0,775.0,0.990426136151093
27104,31.0,681.0,0.7731397654091958
27109,31.0,598.0,0.9152924956440407
27109,31.0,667.0,1.0
27230,31.0,663.0,0.7911079809972865
27230,31.0,665.0,0.9995312718119164
27232,31.0,599.0,0.7707385730274093
27232,31.0,667.0,0.8613588177389013
27232,31.0,668.0,0.9042276018272559
27232,31.0,669.0,0.5167553611282012
27239,21.0,782.0,0.0
27239,21.0,787.0,0.7271113605202774
27254,31.0,600.0,0.862438146511377
27257,21.0,788.0,0.9067059738442927
27281,40.0,777.0,0.9629643393885386
27286,137.0,781.0,0.0019311224064798374
27311,31.0,595.0,0.8361311987431761
27311,31.0,596.0,0.9903841762126044
27311,31.0,601.0,0.9058280037967108
27326,39.0,750.0,0.9931879679100227
27369,53.0,755.0,0.788435896414648
27369,53.0,756.0,0.40575504536288665
27382,31.0,666.0,0.963694343988594
27382,31.0,726.0,0.2111142747818996
27426,32.0,757.0,0.9878731304695064
27445,120.0,739.0,0.990267440525967
27445,120.0,752.0,0.9356465880031916
27451,120.0,742.0,1.0
27451,120.0,751.0,0.7465449144768154
27459,120.0,747.0,0.727045683483618
27469,32.0,758.0,0.5608206838107397
27479,31.0,702.0,1.0
27492,31.0,618.0,0.9797366597734456
27492,31.0,619.0,0.7208358419095285
27500,34.0,657.0,0.0
27507,39.0,720.0,0.9662868491600128
27524,120.0,702.0,0.9291587414625461
27524,120.0,717.0,0.9900754570313977
27524,120.0,727.0,1.0
27528,39.0,720.0,0.989751225966348
27528,39.0,729.0,1.0
27529,39.0,738.0,0.9966655361896032
27541,31.0,664.0,0.9989657160782885
27541,31.0,702.0,0.9858448593157075
27541,31.0,703.0,0.554979720533676
27544,120.0,703.0,0.9976176124099773
27544,120.0,728.0,0.7638049762882533
27547,120.0,710.0,0.9146973344913155
27550,31.0,614.0,0.7972880203026984
27552,39.0,722.0,0.18719239338991
27559,32.0,660.0,0.5355802168898616
27567,31.0,664.0,0.5284920622385224
27586,34.0,658.0,0.9013077612806181
27591,39.0,723.0,0.9822262979750257
27591,39.0,739.0,0.9589902073704129
27605,34.0,654.0,0.9557043815912795
27605,34.0,659.0,0.24930403639290638
27607,31.0,585.0,0.8735437188835177
27607,31.0,587.0,0.7334167541147983
27607,31.0,588.0,0.6680408924829565
27607,31.0,608.0,0.7473028742830296
27607,31.0,609.0,0.972925347483561
27607,31.0,610.0,0.4221347529841394
27607,31.0,615.0,0.8809188641891127
27609,39.0,711.0,1.0
27610,120.0,653.0,0.6605083870084922
27615,39.0,704.0,0.8454834693614703
27624,39.0,721.0,1.0
27681,39.0,661.0,0.8630830952170873
27696,31.0,605.0,1.0
27702,120.0,646.0,0.6773296495845903
27723,32.0,723.0,0.7511806383340502
27723,32.0,724.0,0.9420338744659448
27723,32.0,730.0,1.0
27723,32.0,739.0,0.9913377354606088
27737,31.0,604.0,0.9963590613373543
27746,32.0,700.0,0.6849559560492606
27771,120.0,627.0,1.0
27771,120.0,645.0,0.8662945339737015
27783,31.0,521.0,0.0
27783,31.0,522.0,0.9983281116327566
27803,32.0,693.0,0.9884490926950179
27803,32.0,701.0,0.9375983428303243
27803,32.0,705.0,0.9821661680746815
27820,32.0,712.0,0.7024492261759784
27820,32.0,713.0,0.9972121131812152
27820,32.0,723.0,0.6651684541675488
27820,32.0,724.0,1.0
27835,120.0,627.0,0.5021323516900122
27838,31.0,514.0,1.0
27838,31.0,521.0,0.9699581886045507
27854,34.0,624.0,0.6905645274049984
27854,34.0,625.0,0.38020612947167015
27858,31.0,522.0,0.993403483377157
27931,129.0,472.0,0.9025430016660672
27931,129.0,499.0,0.9551210447157511
27931,129.0,503.0,0.9997209307991732
27931,129.0,507.0,0.9211462353234474
27931,129.0,508.0,0.9933253480119084
27953,34.0,622.0,0.5819756869728391
27982,34.0,526.0,0.9528038422801298
28029,31.0,518.0,0.9993199904024863
28079,31.0,519.0,0.9857495453767972
28087,31.0,511.0,0.42071157353282607
28087,31.0,512.0,0.6336479175298798
28117,41.0,462.0,0.9896273830235134
28117,41.0,467.0,0.7966560370187035
28117,41.0,473.0,0.9000553427309039
28117,41.0,474.0,0.890067910719709
28117,41.0,497.0,0.8449877598713239
28117,41.0,500.0,0.9549581042233917
28134,31.0,505.0,0.3342843073267386
28142,54.0,690.0,0.9808677292266804
28142,54.0,691.0,0.8689728769792873
28142,54.0,696.0,0.995222173772816
28142,54.0,714.0,0.8689418151341055
28142,54.0,724.0,0.9958018055308875
28163,41.0,468.0,0.8067571223768785
28163,41.0,497.0,0.9444982973697543
28179,31.0,504.0,0.7982700471528277
28224,24.0,502.0,0.592335669499286
28239,24.0,422.0,1.0
28248,120.0,538.0,0.7244648488821361
28286,120.0,535.0,0.9154707802004309
28293,24.0,465.0,0.0
28293,24.0,498.0,0.9787421054298213
28333,34.0,531.0,1.0
28333,34.0,536.0,0.591575505617496
28333,34.0,546.0,0.0
28341,121.0,551.0,0.0
28343,34.0,532.0,0.0
28367,27.0,549.0,0.8256543740014178
28367,27.0,551.0,0.5723307555315619
28367,27.0,552.0,0.8984884700092244
28381,121.0,548.0,0.9478140655958833
28385,27.0,550.0,0.3169482774858696
28408,34.0,533.0,0.769695392324541
28408,34.0,542.0,0.8024054883215703
28422,121.0,566.0,0.30703882429651635
28422,121.0,568.0,0.11004829574901012
28422,121.0,569.0,0.680668085496658
28431,122.0,572.0,0.585715380000299
28433,122.0,571.0,0.8649657727161707
28441,121.0,570.0,0.6240350456380482
28442,121.0,568.0,0.5848478567474966
28442,121.0,569.0,0.7529688938841526
28459,34.0,532.0,0.9985422383365177
28504,120.0,558.0,0.9984449174739488
28519,54.0,446.0,0.679385868569066
28536,34.0,434.0,0.9986955437690078
28536,34.0,532.0,1.0
28536,34.0,533.0,1.0
28555,34.0,553.0,0.9986719011855287
28557,41.0,450.0,0.8631079597377848
28580,27.0,556.0,0.38454455184304726
28580,27.0,557.0,0.9775391921663754
28580,27.0,559.0,0.9985792641974102
28580,27.0,560.0,0.8190289489562165
28590,34.0,434.0,0.911726949200352
28595,23.0,443.0,0.9769767315622649
28600,27.0,554.0,0.8795892551168174
28604,123.0,423.0,0.9856256744745339
28604,123.0,424.0,0.9628274923764011
28604,123.0,425.0,0.9675758082790391
28606,41.0,448.0,0.9475825463304978
28606,41.0,454.0,0.39466051151933235
28619,121.0,442.0,0.6485615279434808
28635,27.0,555.0,0.9979058385059373
28647,120.0,427.0,0.6354405582973683
28651,23.0,440.0,0.2369072662939952
28659,27.0,435.0,0.9408095059370273
28669,24.0,365.0,1.0
28678,23.0,437.0,0.8823008353872167
28678,23.0,439.0,0.9957683952763152
28678,23.0,440.0,1.0
28678,23.0,441.0,0.7358372116158803
28678,23.0,561.0,0.9878720086158934
28681,41.0,451.0,0.9431476836530156
28681,41.0,455.0,0.8133183031706216
28684,27.0,426.0,0.835513526438344
28684,27.0,429.0,0.9929231200873635
28695,24.0,366.0,0.9496607864035203
28695,24.0,387.0,0.8668510711643875
28703,27.0,428.0,0.9773275007818804
28722,122.0,409.0,0.6899238597905357
28727,23.0,439.0,0.09952954450027429
28732,25.0,351.0,0.6836356213104658
28740,27.0,410.0,0.9984393705116351
28740,27.0,412.0,0.9987758603048928
28744,122.0,391.0,0.21765449191288247
28767,27.0,413.0,0.9873366056602859
28768,122.0,393.0,0.9497880667069067
28768,122.0,411.0,0.8909573130482107
28772,23.0,389.0,0.8614648736919432
28779,34.0,436.0,0.9799331687510887
28785,27.0,414.0,0.9637989123932477
28790,23.0,390.0,0.600552281939036
28804,27.0,395.0,0.8412762893150534
28807,24.0,392.0,0.7622087820934368
28826,42.0,394.0,0.2844442207193418
28828,42.0,369.0,1.0
28841,23.0,432.0,0.9131052419403627
28841,23.0,433.0,0.3180263210014901
28848,27.0,396.0,0.6672644741540905
28865,27.0,373.0,0.2425003669663005
28865,27.0,377.0,0.8985328585329957
28867,42.0,371.0,0.6573209172784436
28870,25.0,353.0,0.9644649050985127
28870,25.0,370.0,0.7641535912798297
28871,54.0,397.0,0.8408549292980818
28871,54.0,398.0,0.7420580985960696
28886,27.0,375.0,0.4700285796326962
28887,42.0,372.0,0.5711296368072603
28888,25.0,351.0,0.3193237865728754
28894,23.0,417.0,0.8050809709878038
28905,27.0,376.0,0.972475775569778
28909,25.0,354.0,0.9499478748548459
28909,25.0,355.0,0.2079919543339057
28918,23.0,418.0,0.46638415568624353
28923,27.0,374.0,0.45619018029074604
28942,27.0,358.0,0.6146967568537178
28942,27.0,360.0,0.834840327828652
28953,37.0,356.0,0.7093217270498724
28953,37.0,357.0,0.0
28971,27.0,359.0,0.9248157592922085
28982,25.0,333.0,0.9624526475551786
28982,25.0,340.0,1.0
28995,25.0,341.0,0.5316028110316479
28995,25.0,342.0,0.9960451298281847
29000,25.0,334.0,0.945468840710315
29000,25.0,343.0,0.997782780911833
29011,25.0,335.0,0.964794297921323
29011,25.0,344.0,0.9693366471479758
29011,25.0,345.0,0.742718164033505
29070,123.0,336.0,0.35096804460561176
29070,123.0,337.0,0.9879880713139433
29070,123.0,346.0,0.5987646444364833
29070,123.0,347.0,0.515009496864028
29083,27.0,322.0,0.99195105561247
29083,27.0,328.0,0.9706236522169105
29083,27.0,329.0,0.8049050011047416
29104,27.0,323.0,0.8762021092587718
29105,123.0,294.0,0.8557489388487978
29114,33.0,292.0,0.9589604225728754
29122,27.0,316.0,0.7791650179584771
29122,27.0,324.0,0.9790854844856747
29153,33.0,282.0,0.6401377359639238
29153,33.0,289.0,1.0
29172,33.0,288.0,0.0
29172,33.0,291.0,0.4237222165488283
29177,33.0,289.0,1.0
29183,33.0,255.0,1.0
29183,33.0,257.0,0.8578180625390786
29183,33.0,259.0,0.6898575282132151
29183,33.0,288.0,0.9846708503447515
29190,33.0,231.0,1.0
29190,33.0,253.0,0.7437297593808734
29190,33.0,254.0,0.9798877155207244
29190,33.0,258.0,0.9945725828616749
29199,27.0,286.0,1.0
29199,27.0,313.0,0.9981439166391514
29201,33.0,214.0,0.9984687305544683
29201,33.0,227.0,0.8518557722989298
29201,33.0,228.0,0.9837766978121286
29201,33.0,252.0,0.9879617395213227
29219,33.0,209.0,0.9400942651033837
29219,33.0,213.0,1.0
29258,27.0,282.0,0.8596359411495835
29258,27.0,283.0,0.953216910261175
29264,27.0,276.0,0.6644645789367966
29275,27.0,276.0,0.42868890851840286
29294,27.0,269.0,0.7889359913511621
29294,27.0,270.0,0.7421776132185275
29294,27.0,271.0,0.9986417189584825
29294,27.0,277.0,0.7609791794468863
29294,27.0,278.0,0.6473263833869505
29381,137.0,1102.0,0.0
29381,137.0,1169.0,0.0
29381,137.0,2200.0,0.0
50016,20.0,3156.0,0.10742692103560501
50016,20.0,3157.0,0.4756052755628071
50016,20.0,3158.0,0.38438229419260583
50016,20.0,3160.0,0.7616817648636678
50019,20.0,3079.0,1.0
50019,20.0,3080.0,1.0
50024,1.0,3000.0,0.7221696564981208
50024,1.0,3001.0,0.9995850772712046
50030,1.0,2791.0,1.0
50030,1.0,2792.0,0.01595545851296545
50030,1.0,2808.0,0.0312759862864348
50035,20.0,2727.0,1.0
50035,20.0,2728.0,0.9853095770397662
50035,20.0,2729.0,0.8947036176677738
50040,13.0,2593.0,0.0
50040,13.0,2597.0,0.7717416298451156
50040,13.0,2602.0,0.9818384061798122
50040,13.0,2605.0,0.9760654687695195
50040,13.0,2606.0,0.9916863845093274
60069,131.0,3337.0,1.0
60069,131.0,3345.0,1.0
60069,131.0,3347.0,0.4122817610414278
60074,131.0,3335.0,1.0
60074,131.0,3336.0,0.9188234207704075
60196,114.0,3154.0,1.0
60252,114.0,3052.0,1.0
62317,134.0,2496.0,0.869309039677833
62317,134.0,2498.0,0.5331831111540681
62317,134.0,2503.0,1.0
62317,134.0,2504.0,1.0
62317,134.0,2505.0,1.0
62317,134.0,2510.0,0.9955288069220312
62317,134.0,2511.0,0.23582209488744557
62317,134.0,2512.0,0.9996929823140281
62317,134.0,2513.0,0.7048858132416023
62317,134.0,2514.0,1.0
62317,134.0,2535.0,0.0
65494,114.0,3365.0,0.5627062201818784
65509,5.0,3346.0,0.4529131035806723
65509,5.0,3351.0,0.7665628773960788
65624,5.0,3405.0,0.0
65631,5.0,3406.0,0.0
65645,5.0,3388.0,0.0
65645,5.0,3394.0,0.0
65645,5.0,3407.0,0.0
66112,5.0,3153.0,0.9949569994269871
66112,5.0,3154.0,0.9775908233151142
66112,5.0,3166.0,0.464748918219368
66112,5.0,3167.0,0.998026875424672
66112,5.0,3168.0,0.7918174757664688
66112,5.0,3171.0,0.0
66206,5.0,3147.0,1.0
66206,5.0,3148.0,0.9995703503777733
66206,5.0,3149.0,1.0
66206,5.0,3150.0,1.0
66253,114.0,3144.0,1.0
66253,114.0,3145.0,1.0
66253,114.0,3151.0,0.9763665913721965
66253,114.0,3152.0,0.9818951224488103
66517,5.0,3064.0,0.4138823953541816
66517,5.0,3065.0,0.687932577314279
66517,5.0,3066.0,0.5371114729122067
66517,5.0,3067.0,0.5084329258175452
66521,115.0,3058.0,0.7596637809713739
66521,115.0,3059.0,0.3536237876158711
66521,115.0,3081.0,1.0
66521,115.0,3082.0,0.5399209478855518
66603,5.0,3039.0,0.6005345669549991
66603,5.0,3040.0,0.4370678882226098
66603,5.0,3068.0,0.6301828739336999
66603,5.0,3069.0,0.4686017394833669
66770,1.0,3019.0,1.0
66770,1.0,3020.0,1.0
66770,1.0,3021.0,1.0
66770,1.0,3022.0,1.0
66788,1.0,2996.0,0.9059068727233177
66788,1.0,2997.0,0.9999835409558298
66788,1.0,2998.0,0.9998248006440811
66825,6.0,3009.0,0.10276658079644968
66874,6.0,3011.0,0.4439617446075411
66876,5.0,3010.0,0.04755580966309381
66876,5.0,3028.0,0.03460200153143406
66886,6.0,3027.0,0.18103429220238215
66886,6.0,3030.0,0.0
66887,6.0,2982.0,0.0
66887,6.0,3013.0,0.14679505792523942
66887,6.0,3016.0,0.11843046379743967
66889,6.0,3015.0,0.1181724710325863
66890,6.0,3012.0,0.19463384539476686
66892,8.0,3004.0,0.29969557785011036
66892,8.0,3005.0,1.0
66893,6.0,3014.0,0.5005377483988284
66896,7.0,3007.0,0.5243523212733847
66924,8.0,3008.0,1.0
66941,1.0,2968.0,0.9109927061528807
66941,1.0,2980.0,0.8629508513765225
66941,1.0,2981.0,0.19953848042594657
66947,7.0,2967.0,0.8818078953628286
66950,7.0,2965.0,0.22172526246977833
66950,7.0,2966.0,0.2931503904570751
66950,7.0,3002.0,1.0
66950,7.0,3006.0,0.2889037425357718
66997,5.0,2984.0,0.09108062552506599
67000,1.0,2986.0,0.48331915287059185
67002,8.0,2972.0,0.9099539917639629
67005,132.0,2970.0,0.24473788822602852
67005,132.0,2971.0,1.0
67020,5.0,2988.0,0.9226471916940694
67020,5.0,2989.0,0.4377893699953973
67020,5.0,2994.0,0.21767396741361883
67025,8.0,2976.0,1.0
67041,1.0,2990.0,0.8302344628019089
67058,6.0,2992.0,0.7756919529378773
67059,1.0,2987.0,0.7074511852530473
67060,6.0,2991.0,0.9231508992300156
67072,8.0,2979.0,0.3777637613180872
67075,132.0,2974.0,0.3753249289288459
67075,132.0,2975.0,0.027013750494209572
67090,5.0,2993.0,0.9024266168925357
67092,1.0,2939.0,0.0
67110,1.0,2942.0,0.7159002084730949
67114,6.0,2937.0,0.49256622068385275
67132,6.0,2938.0,0.5537436511748463
67133,8.0,2931.0,0.9999447225324516
67137,132.0,2930.0,0.8234397758585368
67137,132.0,2977.0,0.6446957218232735
67137,132.0,2978.0,0.12146986624076699
67175,6.0,2940.0,0.0
67192,6.0,2927.0,0.0
67192,6.0,2928.0,0.16410753307136866
67192,6.0,2929.0,0.9711430749855624
67195,6.0,2928.0,0.43497442191287755
67195,6.0,2929.0,0.9988376781042011
67195,6.0,2933.0,1.0
67198,6.0,2934.0,1.0
67211,6.0,2930.0,0.2875021819654482
67211,6.0,2931.0,1.0
67211,6.0,2936.0,0.7285983617161838
67230,6.0,2934.0,0.875073405314183
67246,132.0,2887.0,0.43374310231390856
67246,132.0,2888.0,0.20214368266645455
67246,132.0,2932.0,0.034693681164784385
67249,6.0,2933.0,0.5022146960258821
67266,6.0,2935.0,0.9397511579255476
67326,6.0,2889.0,0.9517201141340079
67329,6.0,2890.0,0.8459795931956129
67354,6.0,2885.0,0.04168082664718033
67354,6.0,2891.0,0.999676032633883
67365,6.0,2892.0,0.9287789973019687
67371,1.0,2888.0,0.8553378983408324
67371,1.0,2894.0,0.4138438832755894
67374,5.0,2865.0,0.9723427842307975
67380,1.0,2851.0,0.9279712451102673
67380,1.0,2852.0,0.03505114268917836
67380,1.0,2853.0,0.02591245784091113
67380,1.0,2893.0,0.995472368988561
67382,6.0,2850.0,0.9997493637918694
67393,10.0,2868.0,0.8843197426729728
67396,1.0,2848.0,0.19883398937343943
67432,10.0,2867.0,0.9673287085393639
67494,10.0,2870.0,0.0
67497,10.0,2854.0,1.0
67497,10.0,2859.0,0.7337700087899437
67497,10.0,2866.0,0.8429481585273251
67497,10.0,2869.0,0.6557920074001791
67677,8.0,2840.0,0.05957783564777461
67677,8.0,2841.0,0.0
67677,8.0,2873.0,0.0
67679,8.0,2834.0,0.8602898193791323
67679,8.0,2839.0,0.2903695427381273
67679,8.0,2858.0,0.0
67679,8.0,2863.0,0.7549649764954456
67679,8.0,2864.0,1.0
67679,8.0,2872.0,0.6831344496447652
67852,134.0,2333.0,0.9548007391118531
67852,134.0,2353.0,0.3119299493559812
67852,134.0,2354.0,0.0278362227929498
67852,134.0,2361.0,0.611585907605986
67852,134.0,2363.0,0.014280163752583449
67859,1.0,2793.0,0.9500981252239264
67859,1.0,2809.0,0.0
67859,1.0,2810.0,0.9339951526784492
67883,132.0,2820.0,0.9448157661025199
67883,132.0,2838.0,0.957726439368455
67883,132.0,2843.0,1.0
67890,133.0,2811.0,1.0
67890,133.0,2835.0,1.0
67899,133.0,2813.0,0.9376901769089505
67899,133.0,2837.0,0.193144186634105
68069,10.0,2817.0,0.5902470534659097
68069,10.0,2819.0,0.6744431688167558
68069,10.0,2827.0,0.8319397706137219
68071,10.0,2817.0,0.8861212796636377
68071,10.0,2824.0,0.4794964728397512
68071,10.0,2828.0,0.0
68231,134.0,2356.0,0.020174638346114993
68231,134.0,2358.0,0.0520343282730957
68231,134.0,2365.0,0.039644497104099084
68231,134.0,2367.0,0.030844267816535324
68391,132.0,2739.0,1.0
68391,132.0,2762.0,0.7491602433315824
68391,132.0,2763.0,0.9970427365227347
68391,132.0,2768.0,0.9960339060516812
68391,132.0,2769.0,0.9946937677546597
68394,132.0,2757.0,0.9956485238203797
68394,132.0,2758.0,1.0
68394,132.0,2770.0,0.7148864100913941
68394,132.0,2771.0,0.9184289872681975
68394,132.0,2774.0,1.0
68462,132.0,2715.0,0.0
68462,132.0,2731.0,0.0
68462,132.0,2733.0,0.9943615309026975
68462,132.0,2755.0,0.8160655980460549
68462,132.0,2756.0,0.7225886451772169
68462,132.0,2761.0,0.9259558767494747
68462,132.0,2764.0,1.0
68462,132.0,2766.0,0.7192387762939417
68462,132.0,2767.0,0.7419642245737187
68625,132.0,2738.0,1.0
68963,132.0,2700.0,0.7259678594902209
68963,132.0,2702.0,0.933256091933234
68963,132.0,2703.0,1.0
68963,132.0,2726.0,1.0
69124,132.0,2577.0,0.9847615517646289
69124,132.0,2667.0,0.3048832426355261
69124,132.0,2668.0,0.06559237808287768
69124,132.0,2677.0,0.22377815203142848
69124,132.0,2678.0,0.780256492451474
69124,132.0,2681.0,0.13636338502576287
69124,132.0,2701.0,0.9428894556670694
69124,132.0,2704.0,0.596254482331457
69196,132.0,2575.0,0.9992287671767599
69311,132.0,2546.0,1.0
69311,132.0,2547.0,1.0
69311,132.0,2568.0,0.6865901350366401
69311,132.0,2569.0,1.0
69311,132.0,2570.0,1.0
69559,13.0,2594.0,0.9009488822714142
69559,13.0,2599.0,1.0
69559,13.0,2600.0,0.3056325162526347
69559,13.0,2604.0,0.9869589907495924
69602,13.0,2608.0,1.0
69602,13.0,2609.0,1.0
69612,13.0,2603.0,0.9973201522862253
69612,13.0,2607.0,0.999782754775474
69649,13.0,2613.0,1.0
69649,13.0,2634.0,1.0
69716,14.0,2061.0,0.4315783056168782
69716,14.0,2627.0,0.3383396163830881
69716,14.0,2628.0,0.9929052285441438
69716,14.0,2629.0,0.1846643037459796
69716,14.0,2631.0,1.0
69716,14.0,2632.0,1.0
71081,5.0,3352.0,0.7170408416518452
71081,5.0,3353.0,1.0
71081,5.0,3364.0,0.309792019258829
71578,14.0,2633.0,1.0
